zipcode,city,is_manhattan,origin_lat,origin_lon,facility_code,facility_name,facility_type,facility_lat,facility_lon,facility_km,flight_dist_km,flight_time_min,car_to_facility_base_min,car_to_facility_dist_km,car_to_airport_base_min,car_to_airport_dist_km,speed_to_facility_normal_kmh,speed_to_facility_rush_kmh,speed_to_facility_worst_kmh,speed_to_airport_normal_kmh,speed_to_airport_rush_kmh,speed_to_airport_worst_kmh,fast_car_to_facility_min,fast_heli_total_min,fast_car_direct_min,fast_savings_min,normal_car_to_facility_min,normal_heli_total_min,normal_car_direct_min,normal_savings_min,rush_car_to_facility_min,rush_heli_total_min,rush_car_direct_min,rush_savings_min,worst_car_to_facility_min,worst_heli_total_min,worst_car_direct_min,worst_savings_min
92657,LA,False,33.59436721799165,-117.83207751349411,3CA1,CALIFORNIA,HELIPORT,33.6231472222222,-117.880227777778,5.488574348121419,60.34093148762461,18.102279446287383,9.463333333333333,8.4245,59.74166666666667,76.1413,53.4,31.8,11.4,76.5,45.5,16.3,9.5,47.6,59.7,12.2,11.8,49.9,74.7,24.7,15.9,54.0,100.4,46.4,44.3,82.4,279.6,197.2
92629,LA,False,33.47479637705235,-117.70556228347525,1CA3,CALIFORNIA,HELIPORT,33.5614027777778,-117.715336111111,9.672723581024002,76.79745425018602,23.039236275055806,14.775,11.872200000000001,78.77166666666668,101.5124,48.2,28.7,10.3,77.3,46.0,16.5,14.8,57.8,78.8,21.0,18.5,61.5,98.5,37.0,24.8,67.9,132.3,64.5,69.1,112.2,368.7,256.5
91108,LA,False,34.122335582410265,-118.11356612305816,CL14,CALIFORNIA,HELIPORT,34.1343333333333,-118.152091666667,3.788743301512336,31.803535553204846,9.541060665961455,7.85,5.3664,41.980000000000004,46.0439,41.0,24.4,8.8,65.8,39.2,14.1,7.8,37.4,42.0,4.6,9.8,39.4,52.5,13.1,13.2,42.7,70.5,27.8,36.7,66.3,196.5,130.2
90049,LA,False,34.08750412793085,-118.489778750415,75CL,CALIFORNIA,HELIPORT,34.0667361111111,-118.446383333333,4.6159458779231395,14.2580437301533,4.27741311904599,11.503333333333334,6.7429,24.48,22.1405,35.2,20.9,7.5,54.3,32.3,11.6,11.5,35.8,24.5,-11.3,14.4,38.7,30.6,-8.1,19.3,43.6,41.1,-2.5,53.8,78.1,114.6,36.5
90212,LA,False,34.06216041826966,-118.40188176890813,84CL,CALIFORNIA,HELIPORT,34.0610583333333,-118.417391666667,1.4339844684523477,13.210881184060447,3.963264355218134,3.9233333333333333,2.1601999999999997,22.790000000000003,18.1616,33.0,19.7,7.1,47.8,28.5,10.2,3.9,27.9,22.8,-5.1,4.9,28.9,28.5,-0.4,6.6,30.6,38.3,7.7,18.4,42.3,106.7,64.3
90025,LA,False,34.045534757283214,-118.4458106599919,CL50,CALIFORNIA,HELIPORT,34.0477872222222,-118.445079722222,0.25935844906738803,12.193674974618837,3.6581024923856513,4.101666666666667,2.9069000000000003,14.731666666666666,14.3858,42.5,25.3,9.1,58.6,34.9,12.5,4.1,27.8,14.7,-13.0,5.1,28.8,18.4,-10.4,6.9,30.5,24.7,-5.8,19.2,42.9,68.9,26.1
91105,LA,False,34.14050035644464,-118.16712533889554,CL14,CALIFORNIA,HELIPORT,34.1343333333333,-118.152091666667,1.5442385786987838,31.803535553204846,9.541060665961455,5.326666666666667,2.2799,40.526666666666664,44.0764,25.7,15.3,5.5,65.3,38.8,13.9,5.3,34.9,40.5,5.7,6.7,36.2,50.7,14.5,8.9,38.5,68.1,29.6,24.9,54.5,189.7,135.2
92603,LA,False,33.62925920166835,-117.79407956581066,3CA2,CALIFORNIA,HELIPORT,33.6778972222222,-117.836755555556,6.69720844390698,60.43256329537765,18.129768988613296,12.156666666666666,9.2446,61.03,75.5053,45.6,27.2,9.7,74.2,44.2,15.9,12.2,50.3,61.0,10.7,15.2,53.3,76.3,23.0,20.4,58.6,102.5,44.0,56.9,95.0,285.6,190.6
92618,LA,False,33.667308589327575,-117.7335769617936,CL92,CALIFORNIA,HELIPORT,33.6552638888889,-117.705852777778,2.8944017080221816,72.32362153837151,21.697086461511454,8.815,5.7088,63.82333333333334,79.667,38.9,23.1,8.3,74.9,44.6,16.0,8.8,50.5,63.8,13.3,11.0,52.7,79.8,27.1,14.8,56.5,107.2,50.7,41.3,83.0,298.7,215.7
90211,LA,False,34.064956251064515,-118.38298127735312,84CA,CALIFORNIA,HELIPORT,34.0738222222222,-118.377619444444,1.1026399898325483,14.870196782860168,4.46105903485805,3.728333333333333,2.2051,22.136666666666667,16.5873,35.5,21.1,7.6,45.0,26.8,9.6,3.7,28.2,22.1,-6.1,4.7,29.1,27.7,-1.5,6.3,30.7,37.2,6.5,17.4,41.9,103.6,61.7
90265,LA,False,34.07019699299227,-118.84570759713309,1CA9,CALIFORNIA,HELIPORT,34.0836,-118.863202777778,2.1948825619305983,44.78524121198566,13.435572363595696,1.9849999999999999,1.7083,58.70333333333333,70.7105,51.6,30.7,11.0,72.3,43.0,15.4,2.0,35.4,58.7,23.3,2.5,35.9,73.4,37.5,3.3,36.8,98.6,61.9,9.3,42.7,274.7,232.0
91361,LA,False,34.14015067119179,-118.88398771067624,96CL,CALIFORNIA,HELIPORT,34.1576944444444,-118.91775,3.6685659710998086,52.69976082629135,15.809928247887406,6.5183333333333335,4.3523000000000005,58.67333333333333,69.5825,40.1,23.8,8.6,71.2,42.4,15.2,6.5,42.3,58.7,16.3,8.1,44.0,73.3,29.4,11.0,46.8,98.6,51.8,30.5,66.3,274.6,208.3
92694,LA,False,33.51501347334939,-117.58063148159856,CA55,CALIFORNIA,HELIPORT,33.5608,-117.666152777778,9.420631044309788,80.66416165416362,24.199248496249087,13.406666666666666,13.7608,79.91000000000001,103.0446,61.6,36.7,13.2,77.4,46.1,16.5,13.4,57.6,79.9,22.3,16.8,61.0,99.9,38.9,22.5,66.7,134.2,67.5,62.7,106.9,374.0,267.0
92677,LA,False,33.52780904470872,-117.70522729194614,1CA3,CALIFORNIA,HELIPORT,33.5614027777778,-117.715336111111,3.8511409142012716,76.79745425018602,23.039236275055806,8.488333333333333,5.7141,73.73833333333333,92.1662,40.4,24.0,8.6,75.0,44.6,16.0,8.5,51.5,73.7,22.2,10.6,53.6,92.2,38.5,14.3,57.3,123.9,66.6,39.7,82.8,345.1,262.3
92861,LA,False,33.81806055837619,-117.8102210983536,CL55,CALIFORNIA,HELIPORT,33.8284722222222,-117.790583333333,2.1520087572967155,58.395294090655206,17.51858822719656,4.083333333333333,2.865,54.71,64.399,42.1,25.1,9.0,70.6,42.0,15.1,4.1,41.6,54.7,13.1,5.1,42.6,68.4,25.8,6.9,44.4,91.9,47.5,19.1,56.6,256.0,199.4
90803,LA,False,33.75466922819053,-118.13220270023294,CL07,CALIFORNIA,HELIPORT,33.7491222222222,-118.190144444444,5.392289715963195,29.453721811418355,8.836116543425506,15.063333333333333,8.9843,39.358333333333334,41.0051,35.8,21.3,7.6,62.5,37.2,13.4,15.1,43.9,39.4,-4.5,18.8,47.7,49.2,1.5,25.3,54.1,66.1,12.0,70.5,99.3,184.2,84.9
90274,LA,False,33.7776953152888,-118.37230179880414,TOA,CALIFORNIA,AIRPORT,33.8033828611111,-118.339607638889,4.157756291978111,16.711636089549447,5.013490826864834,9.093333333333334,7.2686,27.321666666666665,25.9215,48.0,28.5,10.2,56.9,33.9,12.2,9.1,34.1,27.3,-6.8,11.4,36.4,34.2,-2.2,15.3,40.3,45.9,5.6,42.6,67.6,127.9,60.3
92660,LA,False,33.63379300925121,-117.8750507272244,3CA1,CALIFORNIA,HELIPORT,33.6231472222222,-117.880227777778,1.277118609633679,60.34093148762461,18.102279446287383,2.316666666666667,1.6795,55.385,70.0368,43.5,25.9,9.3,75.9,45.2,16.2,2.3,40.4,55.4,15.0,2.9,41.0,69.2,28.2,3.9,42.0,93.0,51.1,10.8,48.9,259.2,210.3
90266,LA,False,33.89161452251861,-118.403325620108,CL03,CALIFORNIA,HELIPORT,33.9168888888889,-118.394888888889,2.9162445757121,3.09770166329451,0.9293104989883529,5.6883333333333335,4.038,11.286666666666667,7.9408,42.6,25.4,9.1,42.2,25.1,9.0,5.7,26.6,11.3,-15.3,7.1,28.0,14.1,-13.9,9.6,30.5,19.0,-11.5,26.6,47.6,52.8,5.3
90275,LA,False,33.75155148210582,-118.3670532752968,TOA,CALIFORNIA,AIRPORT,33.8033828611111,-118.339607638889,6.296932647533904,16.711636089549447,5.013490826864834,24.23166666666667,18.9181,40.458333333333336,30.9471,46.8,27.9,10.0,45.9,27.3,9.8,24.2,49.2,40.5,-8.8,30.3,55.3,50.6,-4.7,40.7,65.7,68.0,2.2,113.4,138.4,189.3,50.9
92620,LA,False,33.706602067376224,-117.75694813085364,57CA,CALIFORNIA,HELIPORT,33.7655333333333,-117.744125,6.659276720510387,64.3935220008156,19.318056600244677,17.646666666666665,13.7971,61.51833333333333,73.1544,46.9,27.9,10.0,71.3,42.5,15.2,17.6,57.0,61.5,4.6,22.1,61.4,76.9,15.5,29.6,69.0,103.4,34.4,82.6,121.9,287.9,166.0
90064,LA,False,34.035820377515456,-118.42649926479282,3CL7,CALIFORNIA,HELIPORT,34.036375,-118.443830555556,1.598192155885902,10.945893617096216,3.2837680851288646,3.99,2.1298000000000004,16.115,13.7533,32.0,19.1,6.8,51.2,30.5,10.9,4.0,27.3,16.1,-11.2,5.0,28.3,20.1,-8.1,6.7,30.0,27.1,-2.9,18.7,42.0,75.4,33.5
90402,LA,False,34.03496489686088,-118.5046648156286,0CA2,CALIFORNIA,HELIPORT,34.0497222222222,-118.456111111111,4.76513308611451,12.717622362227907,3.815286708668372,10.523333333333333,6.5746,21.461666666666666,16.3078,37.5,22.3,8.0,45.6,27.1,9.7,10.5,34.3,21.5,-12.9,13.2,37.0,26.8,-10.1,17.7,41.5,36.1,-5.4,49.2,73.1,100.4,27.4
90210,LA,False,34.10251109811895,-118.41507460054083,60L,CALIFORNIA,HELIPORT,34.1267888888889,-118.406488888889,2.812898545073012,20.492527248434584,6.147758174530375,10.316666666666666,6.5021,29.101666666666667,23.5556,37.8,22.5,8.1,48.6,28.9,10.4,10.3,36.5,29.1,-7.4,12.9,39.0,36.4,-2.7,17.3,43.5,48.9,5.4,48.3,74.4,136.2,61.8
92673,LA,False,33.46607136229712,-117.61205590261424,CA87,CALIFORNIA,HELIPORT,33.3794722222222,-117.559777777778,10.782602990391053,100.41738410831991,30.12521523249597,20.15666666666667,14.782,82.67833333333333,107.5529,44.0,26.2,9.4,78.1,46.5,16.7,20.2,70.3,82.7,12.4,25.2,75.3,103.3,28.0,33.9,84.0,138.9,54.9,94.3,144.5,386.9,242.5
90272,LA,False,34.07936146461084,-118.5444964478431,61L,CALIFORNIA,HELIPORT,34.1307805555556,-118.490522222222,7.575328684360985,22.27083937223236,6.681251811669708,36.515,27.7858,37.39666666666667,28.045,45.7,27.2,9.8,45.0,26.8,9.6,36.5,63.2,37.4,-25.8,45.6,72.3,46.7,-25.6,61.3,88.0,62.8,-25.2,170.9,197.6,175.0,-22.6
91362,LA,False,34.19243488202666,-118.81948783665872,CL82,CALIFORNIA,HELIPORT,34.2069444444444,-118.883055555556,6.064706283263296,52.70930491911667,15.812791475735002,13.415,11.334100000000001,56.53,67.98710000000001,50.7,30.2,10.8,72.2,43.0,15.4,13.4,49.2,56.5,7.3,16.8,52.6,70.7,18.1,22.5,58.3,95.0,36.6,62.8,98.6,264.6,166.0
90069,LA,False,34.09395380319442,-118.38153056612224,CL90,CALIFORNIA,HELIPORT,34.0949083333333,-118.373180555556,0.7761783232857511,17.249915628377977,5.174974688513393,1.6433333333333333,0.9653999999999999,26.77,19.9102,35.2,21.0,7.5,44.6,26.6,9.5,1.6,26.8,26.8,-0.0,2.1,27.2,33.5,6.2,2.8,27.9,45.0,17.0,7.7,32.9,125.3,92.4
92672,LA,False,33.383247847173386,-117.54228468864058,CA87,CALIFORNIA,HELIPORT,33.3794722222222,-117.559777777778,1.6776275931868683,100.41738410831991,30.12521523249597,14.213333333333333,4.1188,99.55666666666666,117.80160000000001,17.4,10.3,3.7,71.0,42.3,15.2,14.2,64.3,99.6,35.2,17.8,67.9,124.4,56.6,23.9,74.0,167.3,93.3,66.5,116.6,465.9,349.3
92651,LA,False,33.56076181891894,-117.77456958215552,1CA3,CALIFORNIA,HELIPORT,33.5614027777778,-117.715336111111,5.488940813510314,76.79745425018602,23.039236275055806,12.371666666666666,11.1113,65.68,84.28460000000001,53.9,32.1,11.5,77.0,45.8,16.5,12.4,55.4,65.7,10.3,15.5,58.5,82.1,23.6,20.8,63.8,110.3,46.5,57.9,100.9,307.4,206.4
90067,LA,False,34.05643734140253,-118.41369041208144,84CL,CALIFORNIA,HELIPORT,34.0610583333333,-118.417391666667,0.616666867480243,13.210881184060447,3.963264355218134,1.6683333333333332,0.9405,20.91166666666667,17.0759,33.8,20.1,7.2,49.0,29.2,10.5,1.7,25.6,20.9,-4.7,2.1,26.0,26.1,0.1,2.8,26.8,35.1,8.4,7.8,31.8,97.9,66.1
92625,LA,False,33.601075853942184,-117.86618554534526,3CA1,CALIFORNIA,HELIPORT,33.6231472222222,-117.880227777778,2.777436938859411,60.34093148762461,18.102279446287383,5.1016666666666675,4.213100000000001,58.163333333333334,74.0034,49.5,29.5,10.6,76.3,45.4,16.3,5.1,43.2,58.2,15.0,6.4,44.5,72.7,28.2,8.6,46.7,97.7,51.0,23.9,62.0,272.2,210.2
92663,LA,False,33.62211806839955,-117.93242140773172,14CA,CALIFORNIA,HELIPORT,33.6251666666667,-117.930777777778,0.3715828288007045,56.489624434477854,16.94688733034336,1.8116666666666668,0.7534,56.32333333333334,68.1604,25.0,14.9,5.3,72.6,43.2,15.5,1.8,38.8,56.3,17.6,2.3,39.2,70.4,31.2,3.0,40.0,94.6,54.6,8.5,45.4,263.6,218.2
92661,LA,False,33.599799449495414,-117.9015958132088,3CA1,CALIFORNIA,HELIPORT,33.6231472222222,-117.880227777778,3.2642843992483077,60.34093148762461,18.102279446287383,10.21,4.1211,65.16166666666666,72.4371,24.2,14.4,5.2,66.7,39.7,14.3,10.2,48.3,65.2,16.8,12.8,50.9,81.5,30.6,17.2,55.3,109.5,54.2,47.8,85.9,305.0,219.1
90077,LA,False,34.10540597358441,-118.45595570806869,61L,CALIFORNIA,HELIPORT,34.1307805555556,-118.490522222222,4.252830540149199,22.27083937223236,6.681251811669708,19.048333333333336,14.8971,28.761666666666667,24.9009,46.9,27.9,10.0,51.9,30.9,11.1,19.0,45.7,28.8,-17.0,23.8,50.5,36.0,-14.5,32.0,58.7,48.3,-10.4,89.1,115.8,134.6,18.8
91302,LA,False,34.12298146883412,-118.67190818102851,CL62,CALIFORNIA,HELIPORT,34.1515194444444,-118.697755555556,3.9659490715991517,35.38901001256463,10.61670300376939,12.445,10.9681,45.166666666666664,51.6458,52.9,31.5,11.3,68.6,40.8,14.7,12.4,43.1,45.2,2.1,15.6,46.2,56.5,10.3,20.9,51.5,75.9,24.4,58.2,88.9,211.4,122.5
91011,LA,False,34.2175621307437,-118.20343315671184,95CL,CALIFORNIA,HELIPORT,34.2041361111111,-118.217302777778,1.9635107362816289,33.98827701756947,10.196483105270842,5.281666666666666,3.0489,44.59166666666667,52.3966,34.6,20.6,7.4,70.5,42.0,15.1,5.3,35.5,44.6,9.1,6.6,36.8,55.7,18.9,8.9,39.1,74.9,35.8,24.7,54.9,208.7,153.8
91436,LA,False,34.152154680379375,-118.49053466618136,61L,CALIFORNIA,HELIPORT,34.1307805555556,-118.490522222222,2.3766945177903747,22.27083937223236,6.681251811669708,6.36,3.8811999999999998,28.69,30.466099999999997,36.6,21.8,7.8,63.7,37.9,13.6,6.4,33.0,28.7,-4.4,8.0,34.6,35.9,1.2,10.7,37.4,48.2,10.8,29.8,56.4,134.3,77.8
92648,LA,False,33.67791625683341,-118.01167972633246,75CA,CALIFORNIA,HELIPORT,33.678075,-118.000391666667,1.044664508234501,47.78501777318676,14.335505331956028,5.855,2.6163000000000003,50.855000000000004,58.3934,26.8,16.0,5.7,68.9,41.0,14.7,5.9,40.2,50.9,10.7,7.3,41.7,63.6,21.9,9.8,44.2,85.4,41.3,27.4,61.7,238.0,176.3
90254,LA,False,33.864808466325115,-118.39927195164287,CL03,CALIFORNIA,HELIPORT,33.9168888888889,-118.394888888889,5.805193383713864,3.09770166329451,0.9293104989883529,9.736666666666668,7.4144,15.335,11.3171,45.7,27.2,9.8,44.3,26.4,9.5,9.7,30.7,15.3,-15.3,12.2,33.1,19.2,-13.9,16.4,37.3,25.8,-11.5,45.6,66.5,71.8,5.3
90024,LA,False,34.06564495907017,-118.43528344929926,70CA,CALIFORNIA,HELIPORT,34.062625,-118.432488888889,0.42311949900243506,13.545171962229016,4.063551588668705,1.4983333333333335,0.684,19.886666666666667,18.446099999999998,27.4,16.3,5.9,55.7,33.1,11.9,1.5,25.6,19.9,-5.7,1.9,25.9,24.9,-1.1,2.5,26.6,33.4,6.8,7.0,31.1,93.1,62.0
92679,LA,False,33.652699769661425,-117.56062476764428,4CL1,CALIFORNIA,HELIPORT,33.6126666666667,-117.591347222222,5.282601024456142,83.92614382048077,25.17784314614423,14.271666666666667,8.4962,80.63833333333334,102.7149,35.7,21.3,7.6,76.4,45.5,16.3,14.3,59.4,80.6,21.2,17.8,63.0,100.8,37.8,24.0,69.2,135.5,66.3,66.8,112.0,377.4,265.4
92692,LA,False,33.6094955365917,-117.64393508642316,4CL1,CALIFORNIA,HELIPORT,33.6126666666667,-117.591347222222,4.8826332067276725,83.92614382048077,25.17784314614423,16.141666666666666,13.126299999999999,70.08,89.9192,48.8,29.0,10.4,77.0,45.8,16.4,16.1,61.3,70.1,8.8,20.2,65.4,87.6,22.2,27.1,72.3,117.7,45.4,75.5,120.7,328.0,207.3
92675,LA,False,33.499775829927664,-117.65370373756474,CA55,CALIFORNIA,HELIPORT,33.5608,-117.666152777778,6.882993500073209,80.66416165416362,24.199248496249087,9.35,8.311399999999999,73.435,95.6794,53.3,31.7,11.4,78.2,46.5,16.7,9.3,53.5,73.4,19.9,11.7,55.9,91.8,35.9,15.7,59.9,123.4,63.5,43.8,88.0,343.7,255.7
06831,NY,False,41.08793066336534,-73.66080762242181,NK84,NEW YORK,HELIPORT,41.0816027777778,-73.7129638888889,4.427581186041381,49.26490510861158,14.779471532583473,16.53666666666667,13.7697,69.325,71.1851,50.0,29.7,10.7,61.6,36.7,13.2,16.5,51.3,69.3,18.0,20.7,55.5,86.7,31.2,27.8,62.6,116.5,53.9,77.4,112.2,324.4,212.3
10028,NY,True,40.776446617851214,-73.95338348316952,3NY2,NEW YORK,HELIPORT,40.7862122222222,-73.9120811111111,3.643157763895958,19.67644099981111,5.902932299943333,17.516666666666666,10.2147,32.248333333333335,27.9782,35.0,20.8,7.5,52.1,31.0,11.1,17.5,43.4,32.2,-11.2,21.9,47.8,40.3,-7.5,29.4,55.3,54.2,-1.2,82.0,107.9,150.9,43.0
10282,NY,True,40.716380819107,-74.01500407974702,JRB,NEW YORK,HELIPORT,40.7012136111111,-74.0090283333333,1.760126368174346,20.583744001223078,6.175123200366923,4.656666666666666,2.3953,35.24333333333333,28.7805,30.9,18.4,6.6,49.0,29.2,10.5,4.7,30.8,35.2,4.4,5.8,32.0,44.1,12.1,7.8,34.0,59.2,25.2,21.8,48.0,164.9,117.0
10280,NY,True,40.70970535402938,-74.01658606255974,JRB,NEW YORK,HELIPORT,40.7012136111111,-74.0090283333333,1.1390541826357814,20.583744001223078,6.175123200366923,3.135,1.5931,33.748333333333335,28.0678,30.5,18.1,6.5,49.9,29.7,10.7,3.1,29.3,33.7,4.4,3.9,30.1,42.2,12.1,5.3,31.4,56.7,25.3,14.7,40.8,157.9,117.1
11201,NY,False,40.6948124781143,-73.99012392760484,JRB,NEW YORK,HELIPORT,40.7012136111111,-74.0090283333333,1.7454247735870838,20.583744001223078,6.175123200366923,9.468333333333334,4.9917,30.641666666666666,28.842299999999998,31.6,18.8,6.8,56.5,33.6,12.1,9.5,35.6,30.6,-5.0,11.8,38.0,38.3,0.3,15.9,42.1,51.5,9.4,44.3,70.5,143.4,72.9
10514,NY,False,41.17332769205102,-73.77072954647147,7NY9,NEW YORK,HELIPORT,41.2119444444444,-73.8033333333333,5.08731930069117,63.48816942295036,19.046450826885106,12.264999999999999,6.6678999999999995,68.04,70.19489999999999,32.6,19.4,7.0,61.9,36.8,13.2,12.3,51.3,68.0,16.7,15.3,54.4,85.1,30.7,20.6,59.7,114.3,54.7,57.4,96.4,318.4,222.0
10576,NY,False,41.21322544126348,-73.57290759533059,9CT1,CONNECTICUT,HELIPORT,41.1445,-73.4285333333333,14.296716916400847,63.1990827608713,18.95972482826139,22.208333333333332,13.962399999999999,80.78833333333334,84.2372,37.7,22.5,8.1,62.6,37.2,13.4,22.2,61.2,80.8,19.6,27.8,66.7,101.0,34.3,37.3,76.3,135.7,59.5,103.9,142.9,378.1,235.2
06880,NY,False,41.14160696555052,-73.3464589199341,9CT1,CONNECTICUT,HELIPORT,41.1445,-73.4285333333333,6.880228515125013,63.1990827608713,18.95972482826139,0.0,0.0,102.01666666666667,97.9562,,,,57.6,34.3,12.3,0.0,39.0,102.0,63.1,0.0,39.0,127.5,88.6,0.0,39.0,171.4,132.4,0.0,39.0,477.4,438.5
06830,NY,False,41.03743649848576,-73.62455867195487,HPN,NEW YORK,AIRPORT,41.0669530555556,-73.7075661111111,7.695456333645289,47.70077406203603,14.31023221861081,19.483333333333334,19.3285,53.08833333333334,53.9485,59.5,35.4,12.7,61.0,36.3,13.0,19.5,53.8,53.1,-0.7,24.4,58.7,66.4,7.7,32.7,67.0,89.2,22.1,91.2,125.5,248.5,123.0
06824,NY,False,41.174021318382,-73.28050389067454,CT41,CONNECTICUT,HELIPORT,41.2173183333333,-73.2553930555556,5.252890116779052,77.65753920067024,23.297261760201074,0.0,0.0,104.72,95.015,,,,54.4,32.4,11.6,0.0,43.3,104.7,61.4,0.0,43.3,130.9,87.6,0.0,43.3,175.9,132.6,0.0,43.3,490.1,446.8
06883,NY,False,41.22838704152897,-73.37252923555315,CT41,CONNECTICUT,HELIPORT,41.2173183333333,-73.2553930555556,9.873752519753777,77.65753920067024,23.297261760201074,0.0,0.0,104.72,95.015,,,,54.4,32.4,11.6,0.0,43.3,104.7,61.4,0.0,43.3,130.9,87.6,0.0,43.3,175.9,132.6,0.0,43.3,490.1,446.8
06897,NY,False,41.20704850946761,-73.44005973277288,9CT1,CONNECTICUT,HELIPORT,41.1445,-73.4285333333333,7.021663605895386,63.1990827608713,18.95972482826139,18.23,10.6093,104.72,95.015,34.9,20.8,7.5,54.4,32.4,11.6,18.2,57.2,104.7,47.5,22.8,61.7,130.9,69.2,30.6,69.6,175.9,106.3,85.3,124.3,490.1,365.8
06853,NY,False,41.06768266118464,-73.43822205857482,5CT4,CONNECTICUT,HELIPORT,41.1096666666667,-73.421775,4.867644061908007,60.082114787328926,18.024634436198678,0.0,0.0,102.01666666666667,97.9562,,,,57.6,34.3,12.3,0.0,38.0,102.0,64.0,0.0,38.0,127.5,89.5,0.0,38.0,171.4,133.4,0.0,38.0,477.4,439.4
06890,NY,False,41.14581606695584,-73.28946768540808,CT37,CONNECTICUT,HELIPORT,41.1610138888889,-73.204925,7.2772087714300016,75.23426118868808,22.570278356606423,157.29,160.9222,102.01666666666667,97.9562,61.4,36.5,13.1,57.6,34.3,12.3,157.3,199.9,102.0,-97.8,196.6,239.2,127.5,-111.7,264.2,306.8,171.4,-135.4,736.1,778.7,477.4,-301.2
07920,NY,False,40.68370018073224,-74.55444967297953,9NJ3,NEW JERSEY,HELIPORT,40.7273333333333,-74.5356111111111,5.105044091402053,64.58594834469322,19.375784503407967,0.0,0.0,62.388333333333335,57.6109,,,,55.4,33.0,11.8,0.0,39.4,62.4,23.0,0.0,39.4,78.0,38.6,0.0,39.4,104.8,65.4,0.0,39.4,292.0,252.6
07021,NY,False,40.82703072454318,-74.27985170640154,JY00,NEW JERSEY,HELIPORT,40.863,-74.3175555555556,5.104450478658658,51.69693799501101,15.509081398503305,0.0,0.0,48.43,47.6727,,,,59.1,35.2,12.6,0.0,35.5,48.4,12.9,0.0,35.5,60.5,25.0,0.0,35.5,81.4,45.9,0.0,35.5,226.7,191.1
07932,NY,False,40.77716782644973,-74.39246489136343,NJ51,NEW JERSEY,HELIPORT,40.7933305555556,-74.3802777777778,2.0694897928526634,53.49214155809733,16.0476424674292,0.0,0.0,49.67333333333333,47.6616,,,,57.6,34.3,12.3,0.0,36.0,49.7,13.6,0.0,36.0,62.1,26.0,0.0,36.0,83.5,47.4,0.0,36.0,232.5,196.4
07039,NY,False,40.785531876800334,-74.32909100476479,08NJ,NEW JERSEY,HELIPORT,40.7626005555556,-74.3040372222222,3.3094645977167874,46.34178643388003,13.90253593016401,0.0,0.0,49.65333333333333,47.653400000000005,,,,57.6,34.3,12.3,0.0,33.9,49.7,15.8,0.0,33.9,62.1,28.2,0.0,33.9,83.4,49.5,0.0,33.9,232.4,198.5
07302,NY,False,40.71892353703899,-74.04460644248228,05NJ,NEW JERSEY,HELIPORT,40.7133972222222,-74.0320222222222,1.225757976555522,22.86460125396067,6.859380376188201,2.4,1.0347,35.0,28.6914,25.9,15.4,5.5,49.2,29.3,10.5,2.4,29.3,35.0,5.7,3.0,29.9,43.8,13.9,4.0,30.9,58.8,27.9,11.2,38.1,163.8,125.7
07632,NY,False,40.88227243121598,-73.94672395001496,NJ54,NEW JERSEY,HELIPORT,40.8538611111111,-73.9695555555556,3.696803554089238,28.61412547121273,8.584237641363819,2.8316666666666666,3.0331,37.56166666666666,37.9605,64.3,38.3,13.7,60.6,36.1,13.0,2.8,31.4,37.6,6.1,3.5,32.1,47.0,14.8,4.8,33.3,63.1,29.8,13.3,41.8,175.8,134.0
07677,NY,False,41.02529141899981,-74.06034310648383,82NJ,NEW JERSEY,HELIPORT,40.9843388888889,-74.0155055555555,5.906996889305483,43.059909450503824,12.917972835151147,15.761666666666667,11.0312,76.12666666666668,77.92880000000001,42.0,25.0,9.0,61.4,36.6,13.1,15.8,48.7,76.1,27.4,19.7,52.6,95.2,42.5,26.5,59.4,127.9,68.5,73.8,106.7,356.3,249.6
07960,NY,False,40.78448306276672,-74.49814859283569,7NJ5,NEW JERSEY,HELIPORT,40.7893666666667,-74.4658194444444,2.775451926879703,60.25469290203624,18.076407870610872,0.0,0.0,49.75,47.6938,,,,57.5,34.2,12.3,0.0,38.1,49.8,11.7,0.0,38.1,62.2,24.1,0.0,38.1,83.6,45.5,0.0,38.1,232.8,194.8
07470,NY,False,40.94805001919339,-74.24503048292713,6NJ3,NEW JERSEY,HELIPORT,40.9811111111111,-74.2530555555556,3.73746909770207,55.004377580930914,16.501313274279276,12.613333333333333,8.4476,80.815,82.7681,40.2,23.9,8.6,61.5,36.6,13.1,12.6,49.1,80.8,31.7,15.8,52.3,101.0,48.8,21.2,57.7,135.8,78.1,59.0,95.5,378.2,282.7
07079,NY,False,40.74908759281836,-74.26015777385203,08NJ,NEW JERSEY,HELIPORT,40.7626005555556,-74.3040372222222,3.989722074312792,46.34178643388003,13.90253593016401,0.0,0.0,48.43,47.6727,,,,59.1,35.2,12.6,0.0,33.9,48.4,14.5,0.0,33.9,60.5,26.6,0.0,33.9,81.4,47.5,0.0,33.9,226.7,192.7
07733,NY,False,40.37682454810918,-74.17260815434415,NJ73,NEW JERSEY,HELIPORT,40.394275,-74.1793097222222,2.021715718697328,43.64263601278803,13.09279080383641,0.0,0.0,64.22833333333332,61.828199999999995,,,,57.8,34.4,12.3,0.0,33.1,64.2,31.1,0.0,33.1,80.3,47.2,0.0,33.1,107.9,74.8,0.0,33.1,300.6,267.5
07059,NY,False,40.63199631034868,-74.51462027687053,9NJ1,NEW JERSEY,HELIPORT,40.5645472222222,-74.5548780555555,8.23423998031051,66.13105728984254,19.839317186952762,0.0,0.0,62.65333333333333,57.6824,,,,55.2,32.9,11.8,0.0,39.8,62.7,22.8,0.0,39.8,78.3,38.5,0.0,39.8,105.3,65.4,0.0,39.8,293.2,253.4
07901,NY,False,40.71460238242281,-74.36601138583018,08NJ,NEW JERSEY,HELIPORT,40.7626005555556,-74.3040372222222,7.466498170641257,46.34178643388003,13.90253593016401,0.09666666666666666,0.0405,49.75,47.6938,25.1,15.0,5.4,57.5,34.2,12.3,0.1,34.0,49.8,15.8,0.1,34.0,62.2,28.2,0.2,34.1,83.6,49.5,0.5,34.4,232.8,198.5
07030,NY,False,40.7451237974362,-74.02816672774709,JRA,NEW YORK,HELIPORT,40.7549027777778,-74.0070597222222,2.084144632632098,23.068070106238213,6.920421031871465,7.026666666666667,2.7848,36.419999999999995,30.1237,23.8,14.2,5.1,49.6,29.5,10.6,7.0,33.9,36.4,2.5,8.8,35.7,45.5,9.8,11.8,38.7,61.2,22.5,32.9,59.8,170.4,110.6
07940,NY,False,40.76011595558619,-74.41894357717935,0NJ2,NEW JERSEY,HELIPORT,40.7528783333333,-74.4398752777778,1.9380557975824269,57.153302947639176,17.145990884291752,0.0,0.0,49.71,47.6769,,,,57.5,34.3,12.3,0.0,37.1,49.7,12.6,0.0,37.1,62.1,25.0,0.0,37.1,83.5,46.4,0.0,37.1,232.6,195.5
07078,NY,False,40.741951424021565,-74.32772986810271,08NJ,NEW JERSEY,HELIPORT,40.7626005555556,-74.3040372222222,3.0421945884532513,46.34178643388003,13.90253593016401,0.0,0.0,49.67333333333333,47.6616,,,,57.6,34.3,12.3,0.0,33.9,49.7,15.8,0.0,33.9,62.1,28.2,0.0,33.9,83.5,49.5,0.0,33.9,232.5,198.6
11765,NY,False,40.88244014513708,-73.5584784390858,35NY,NEW YORK,HELIPORT,40.8983416666667,-73.5185527777778,3.793412266338875,35.9811533647545,10.794346009426349,14.716666666666667,9.9079,45.495,43.0444,40.4,24.0,8.6,56.8,33.8,12.1,14.7,45.5,45.5,-0.0,18.4,49.2,56.9,7.7,24.7,55.5,76.4,20.9,68.9,99.7,212.9,113.2
11530,NY,False,40.7271634121369,-73.63652642170725,NK37,NEW YORK,HELIPORT,40.7417677777778,-73.6440177777778,1.7422875908177071,15.893325422234817,4.767997626670445,4.446666666666667,2.6195,23.868333333333332,23.278299999999998,35.3,21.0,7.6,58.5,34.8,12.5,4.4,29.2,23.9,-5.3,5.6,30.3,29.8,-0.5,7.5,32.2,40.1,7.9,20.8,45.6,111.7,66.1
11217,NY,False,40.68245385660319,-73.97951551013215,JRB,NEW YORK,HELIPORT,40.7012136111111,-74.0090283333333,3.246963499575865,20.583744001223078,6.175123200366923,11.748333333333333,7.8441,27.923333333333336,21.789099999999998,40.1,23.8,8.6,46.8,27.9,10.0,11.7,37.9,27.9,-10.0,14.7,40.9,34.9,-6.0,19.7,45.9,46.9,1.0,55.0,81.2,130.7,49.5
10004,NY,False,40.693981956893325,-74.01825481659536,JRB,NEW YORK,HELIPORT,40.7012136111111,-74.0090283333333,1.118762267948968,20.583744001223078,6.175123200366923,11.836666666666668,1.22,47.001666666666665,33.9994,6.2,3.7,1.3,43.4,25.8,9.3,11.8,38.0,47.0,9.0,14.8,41.0,58.8,17.8,19.9,46.1,79.0,32.9,55.4,81.6,220.0,138.4
10007,NY,True,40.71386817347904,-74.00786561807205,JRB,NEW YORK,HELIPORT,40.7012136111111,-74.0090283333333,1.4105321014320626,20.583744001223078,6.175123200366923,5.905,2.9015,35.51833333333333,31.511200000000002,29.5,17.5,6.3,53.2,31.7,11.4,5.9,32.1,35.5,3.4,7.4,33.6,44.4,10.8,9.9,36.1,59.7,23.6,27.6,53.8,166.2,112.4
10025,NY,True,40.798251664275575,-73.96833618100494,3NY2,NEW YORK,HELIPORT,40.7862122222222,-73.9120811111111,4.921350464758051,19.67644099981111,5.902932299943333,18.526666666666664,11.4919,34.225,31.278,37.2,22.2,8.0,54.8,32.6,11.7,18.5,44.4,34.2,-10.2,23.2,49.1,42.8,-6.3,31.1,57.0,57.5,0.5,86.7,112.6,160.2,47.6
10019,NY,True,40.76581497077318,-73.98518142627411,JRA,NEW YORK,HELIPORT,40.7549027777778,-74.0070597222222,2.2063031908347597,23.068070106238213,6.920421031871465,5.2683333333333335,3.0176,31.884999999999998,29.391099999999998,34.4,20.5,7.3,55.3,32.9,11.8,5.3,32.2,31.9,-0.3,6.6,33.5,39.9,6.4,8.9,35.8,53.6,17.8,24.7,51.6,149.2,97.6
10003,NY,True,40.731864670446335,-73.98912405000999,6N5,NEW YORK,HELIPORT,40.7424472222222,-73.9721222222222,1.8538185684577744,19.8516190460891,5.9554857138267305,6.261666666666667,2.778,32.059999999999995,28.3883,26.6,15.8,5.7,53.1,31.6,11.4,6.3,32.2,32.1,-0.2,7.8,33.8,40.1,6.3,10.5,36.5,53.9,17.4,29.3,55.3,150.0,94.8
10016,NY,True,40.74518169437849,-73.97805328715827,6N5,NEW YORK,HELIPORT,40.7424472222222,-73.9721222222222,0.5849069249522059,19.8516190460891,5.9554857138267305,1.9983333333333335,0.7937000000000001,27.09,26.2487,23.8,14.2,5.1,58.1,34.6,12.4,2.0,28.0,27.1,-0.9,2.5,28.5,33.9,5.4,3.4,29.3,45.5,16.2,9.4,35.3,126.8,91.5
10580,NY,False,40.97867298166526,-73.69340369168893,HPN,NEW YORK,AIRPORT,41.0669530555556,-73.7075661111111,9.887934439479475,47.70077406203603,14.31023221861081,17.241666666666667,17.4086,48.086666666666666,48.846,60.6,36.1,12.9,60.9,36.3,13.0,17.2,51.6,48.1,-3.5,21.6,55.9,60.1,4.2,29.0,63.3,80.8,17.5,80.7,115.0,225.0,110.0
11050,NY,False,40.840447448229575,-73.69262681281323,7NY3,NEW YORK,HELIPORT,40.7780833333333,-73.7018888888889,6.978248501408901,16.510492483252257,4.953147744975677,12.786666666666667,8.8697,35.80166666666666,33.508300000000006,41.6,24.8,8.9,56.2,33.4,12.0,12.8,37.7,35.8,-1.9,16.0,40.9,44.8,3.8,21.5,46.4,60.1,13.7,59.8,84.8,167.6,82.8
11576,NY,False,40.79785932852847,-73.64714958713829,6NK3,NEW YORK,HELIPORT,40.7752138888889,-73.6998361111111,5.100623782506799,16.28640901707373,4.885922705122119,10.818333333333333,7.5327,28.91,29.304599999999997,41.8,24.9,8.9,60.8,36.2,13.0,10.8,35.7,28.9,-6.8,13.5,38.4,36.1,-2.3,18.2,43.1,48.6,5.5,50.6,75.5,135.3,59.8
10504,NY,False,41.13060961480385,-73.70638503169256,0NK7,NEW YORK,HELIPORT,41.1026916666667,-73.7255388888889,3.494487536576503,51.49440921934617,15.448322765803852,7.533333333333333,5.1155,63.38166666666667,65.5918,40.7,24.3,8.7,62.1,37.0,13.3,7.5,43.0,63.4,20.4,9.4,44.9,79.2,34.4,12.7,48.1,106.5,58.4,35.3,70.7,296.6,225.9
11743,NY,False,40.88175090712043,-73.42638032221502,1NK9,NEW YORK,HELIPORT,40.8839869444444,-73.4228977777778,0.38410435965460316,40.288444970369326,12.086533491110798,3.0366666666666666,1.2214,51.03666666666666,47.5261,24.1,14.4,5.2,55.9,33.3,11.9,3.0,35.1,51.0,15.9,3.8,35.9,63.8,27.9,5.1,37.2,85.7,48.6,14.2,46.3,238.9,192.6
11724,NY,False,40.866747286102296,-73.45470751357907,1NK9,NEW YORK,HELIPORT,40.8839869444444,-73.4228977777778,3.2905549249024544,40.288444970369326,12.086533491110798,12.313333333333333,6.482399999999999,49.888333333333335,44.4811,31.6,18.8,6.7,53.5,31.8,11.4,12.3,44.4,49.9,5.5,15.4,47.5,62.4,14.9,20.7,52.8,83.8,31.0,57.6,89.7,233.5,143.8
11797,NY,False,40.817389996942914,-73.47004035493508,14NY,NEW YORK,HELIPORT,40.7977777777778,-73.4309888888889,3.9444234714564597,34.03654124645725,10.210962373937175,9.49,6.2118,40.995,47.2101,39.3,23.4,8.4,69.1,41.1,14.8,9.5,39.7,41.0,1.3,11.9,42.1,51.2,9.2,15.9,46.2,68.9,22.7,44.4,74.6,191.9,117.2
10005,NY,True,40.70621507857109,-74.0086868289593,JRB,NEW YORK,HELIPORT,40.7012136111111,-74.0090283333333,0.5568823735737388,20.583744001223078,6.175123200366923,2.8366666666666664,1.0731,36.09,28.9488,22.7,13.5,4.8,48.1,28.6,10.3,2.8,29.0,36.1,7.1,3.5,29.7,45.1,15.4,4.8,30.9,60.6,29.7,13.3,39.5,168.9,129.5
10006,NY,True,40.70948971878726,-74.01305356730325,JRB,NEW YORK,HELIPORT,40.7012136111111,-74.0090283333333,0.9808195566628543,20.583744001223078,6.175123200366923,4.636666666666667,1.6642000000000001,35.57333333333334,28.8248,21.5,12.8,4.6,48.6,28.9,10.4,4.6,30.8,35.6,4.8,5.8,32.0,44.5,12.5,7.8,34.0,59.8,25.8,21.7,47.9,166.5,118.6
10013,NY,True,40.7200512331036,-74.00480924437629,JRB,NEW YORK,HELIPORT,40.7012136111111,-74.0090283333333,2.1246205526413413,20.583744001223078,6.175123200366923,7.876666666666667,3.8051,34.27166666666667,29.3796,29.0,17.3,6.2,51.4,30.6,11.0,7.9,34.1,34.3,0.2,9.8,36.0,42.8,6.8,13.2,39.4,57.6,18.2,36.9,63.0,160.4,97.4
10014,NY,True,40.73414569699566,-74.00602626728163,JRA,NEW YORK,HELIPORT,40.7549027777778,-74.0070597222222,2.3097235287903186,23.068070106238213,6.920421031871465,7.613333333333333,3.9204,34.44666666666667,29.9076,30.9,18.4,6.6,52.1,31.0,11.1,7.6,34.5,34.4,-0.1,9.5,36.4,43.1,6.6,12.8,39.7,57.9,18.2,35.6,62.6,161.2,98.7
10001,NY,True,40.75064901865221,-73.99729793261906,JRA,NEW YORK,HELIPORT,40.7549027777778,-74.0070597222222,0.9486089661409705,23.068070106238213,6.920421031871465,4.471666666666667,1.9842,30.381666666666668,28.1262,26.6,15.8,5.7,55.5,33.1,11.9,4.5,31.4,30.4,-1.0,5.6,32.5,38.0,5.5,7.5,34.4,51.0,16.6,20.9,47.8,142.2,94.3
11215,NY,False,40.66256935701704,-73.98685045768045,JRB,NEW YORK,HELIPORT,40.7012136111111,-74.0090283333333,4.686356600325791,20.583744001223078,6.175123200366923,10.683333333333334,7.4121999999999995,27.821666666666665,22.318099999999998,41.6,24.8,8.9,48.1,28.6,10.3,10.7,36.9,27.8,-9.0,13.4,39.5,34.8,-4.8,17.9,44.1,46.7,2.6,50.0,76.2,130.2,54.0
10128,NY,True,40.78149853430881,-73.95019902128641,3NY2,NEW YORK,HELIPORT,40.7862122222222,-73.9120811111111,3.251836424762274,19.67644099981111,5.902932299943333,17.113333333333333,10.2989,32.81166666666667,30.085099999999997,36.1,21.5,7.7,55.0,32.7,11.8,17.1,43.0,32.8,-10.2,21.4,47.3,41.0,-6.3,28.8,54.7,55.1,0.5,80.1,106.0,153.6,47.6
10038,NY,True,40.70926379090054,-74.00290271521114,JRB,NEW YORK,HELIPORT,40.7012136111111,-74.0090283333333,1.0333899355953329,20.583744001223078,6.175123200366923,4.08,2.0091,34.35,29.303900000000002,29.5,17.6,6.3,51.2,30.5,10.9,4.1,30.3,34.4,4.1,5.1,31.3,42.9,11.7,6.9,33.0,57.7,24.7,19.1,45.3,160.8,115.5
10069,NY,True,40.77738242284028,-73.9888299469287,JRA,NEW YORK,HELIPORT,40.7549027777778,-74.0070597222222,2.9334489144458273,23.068070106238213,6.920421031871465,6.553333333333333,3.3567,33.72666666666667,29.5823,30.7,18.3,6.6,52.6,31.3,11.2,6.6,33.5,33.7,0.3,8.2,35.1,42.2,7.0,11.0,37.9,56.7,18.7,30.7,57.6,157.8,100.3
11030,NY,False,40.7929155023431,-73.68871155040422,7NY3,NEW YORK,HELIPORT,40.7780833333333,-73.7018888888889,1.987688007091436,16.510492483252257,4.953147744975677,4.458333333333333,2.9659,27.528333333333332,26.54,39.9,23.8,8.5,57.8,34.4,12.4,4.5,29.4,27.5,-1.9,5.6,30.5,34.4,3.9,7.5,32.4,46.2,13.8,20.9,45.8,128.8,83.0
10036,NY,True,40.75979145494232,-73.99068550673425,JRA,NEW YORK,HELIPORT,40.7549027777778,-74.0070597222222,1.4824314016606408,23.068070106238213,6.920421031871465,3.9033333333333333,2.1367,30.52,28.510099999999998,32.8,19.6,7.0,56.0,33.4,12.0,3.9,30.8,30.5,-0.3,4.9,31.8,38.1,6.4,6.6,33.5,51.3,17.8,18.3,45.2,142.8,97.6
10065,NY,True,40.76468860481106,-73.96326454920961,6N5,NEW YORK,HELIPORT,40.7424472222222,-73.9721222222222,2.583223267047042,19.8516190460891,5.9554857138267305,5.4783333333333335,3.309,29.07,26.558,36.2,21.6,7.7,54.8,32.6,11.7,5.5,31.4,29.1,-2.4,6.8,32.8,36.3,3.5,9.2,35.2,48.8,13.7,25.6,51.6,136.0,84.5
11791,NY,False,40.82848218748215,-73.50261814539293,24NY,NEW YORK,HELIPORT,40.8897916666667,-73.4916027777778,6.879956571790979,36.6829143034191,11.00487429102573,16.95,10.3422,39.19666666666667,37.6445,36.6,21.8,7.8,57.6,34.3,12.3,16.9,48.0,39.2,-8.8,21.2,52.2,49.0,-3.2,28.5,59.5,65.9,6.4,79.3,110.3,183.4,73.1
10024,NY,True,40.785371324865,-73.9713355032398,JRA,NEW YORK,HELIPORT,40.7549027777778,-74.0070597222222,4.5308586034588885,23.068070106238213,6.920421031871465,10.043333333333333,5.4234,36.00333333333333,30.0553,32.4,19.3,6.9,50.1,29.8,10.7,10.0,37.0,36.0,-1.0,12.6,39.5,45.0,5.5,16.9,43.8,60.5,16.7,47.0,73.9,168.5,94.6
10012,NY,True,40.72562550926712,-73.9979364916221,6N5,NEW YORK,HELIPORT,40.7424472222222,-73.9721222222222,2.868721884803666,19.8516190460891,5.9554857138267305,9.438333333333333,4.0658,33.11333333333333,28.955,25.8,15.4,5.5,52.5,31.2,11.2,9.4,35.4,33.1,-2.3,11.8,37.8,41.4,3.6,15.9,41.8,55.6,13.8,44.2,70.1,155.0,84.8
10010,NY,True,40.73904486808242,-73.98261654063424,6N5,NEW YORK,HELIPORT,40.7424472222222,-73.9721222222222,0.9616795493150779,19.8516190460891,5.9554857138267305,3.6233333333333335,1.5070999999999999,28.748333333333335,26.9632,25.0,14.9,5.3,56.3,33.5,12.0,3.6,29.6,28.7,-0.8,4.5,30.5,35.9,5.5,6.1,32.0,48.3,16.3,17.0,42.9,134.5,91.6
10601,NY,False,41.03288965225856,-73.76478247102959,HPN,NEW YORK,AIRPORT,41.0669530555556,-73.7075661111111,6.112841844301641,47.70077406203603,14.31023221861081,11.933333333333334,9.584700000000002,51.08833333333334,50.2213,48.2,28.7,10.3,59.0,35.1,12.6,11.9,46.2,51.1,4.8,14.9,49.2,63.9,14.6,20.0,54.4,85.8,31.5,55.8,90.2,239.1,148.9
10021,NY,True,40.7696403431274,-73.95901790236756,6N5,NEW YORK,HELIPORT,40.7424472222222,-73.9721222222222,3.2188975305349383,19.8516190460891,5.9554857138267305,6.848333333333333,4.420100000000001,31.233333333333334,27.535400000000003,38.7,23.1,8.3,52.9,31.5,11.3,6.8,32.8,31.2,-1.6,8.6,34.5,39.0,4.5,11.5,37.5,52.5,15.0,32.1,58.0,146.2,88.2
10023,NY,True,40.774645341133926,-73.97837827446206,JRA,NEW YORK,HELIPORT,40.7549027777778,-74.0070597222222,3.264035365746988,23.068070106238213,6.920421031871465,7.41,4.1677,33.305,29.0016,33.7,20.1,7.2,52.2,31.1,11.2,7.4,34.3,33.3,-1.0,9.3,36.2,41.6,5.4,12.4,39.4,56.0,16.6,34.7,61.6,155.9,94.3
10011,NY,True,40.74183997592639,-74.0005282448936,JRA,NEW YORK,HELIPORT,40.7549027777778,-74.0070597222222,1.5532338401506318,23.068070106238213,6.920421031871465,7.068333333333333,3.6018000000000003,32.45333333333333,28.8328,30.6,18.2,6.5,53.3,31.7,11.4,7.1,34.0,32.5,-1.5,8.8,35.8,40.6,4.8,11.9,38.8,54.5,15.7,33.1,60.0,151.9,91.9
10017,NY,True,40.752386790496814,-73.97267780008853,6N5,NEW YORK,HELIPORT,40.7424472222222,-73.9721222222222,1.106220069290282,19.8516190460891,5.9554857138267305,3.3583333333333334,1.7588,28.459999999999997,26.8919,31.4,18.7,6.7,56.7,33.7,12.1,3.4,29.3,28.5,-0.9,4.2,30.2,35.6,5.4,5.6,31.6,47.8,16.2,15.7,41.7,133.2,91.5
10577,NY,False,41.03759630555464,-73.71350670515095,HPN,NEW YORK,AIRPORT,41.0669530555556,-73.7075661111111,3.3021110953677972,47.70077406203603,14.31023221861081,8.995000000000001,7.05,50.54,52.7019,47.0,28.0,10.0,62.6,37.2,13.4,9.0,43.3,50.5,7.2,11.2,45.6,63.2,17.6,15.1,49.4,84.9,35.5,42.1,76.4,236.5,160.1
10018,NY,True,40.75532678105424,-73.99269637687013,JRA,NEW YORK,HELIPORT,40.7549027777778,-74.0070597222222,1.2107558520610902,23.068070106238213,6.920421031871465,4.62,2.0504000000000002,29.881666666666668,27.7097,26.6,15.9,5.7,55.6,33.1,11.9,4.6,31.5,29.9,-1.7,5.8,32.7,37.4,4.7,7.8,34.7,50.2,15.5,21.6,48.5,139.8,91.3
10022,NY,True,40.75857029495303,-73.96793010167617,6N5,NEW YORK,HELIPORT,40.7424472222222,-73.9721222222222,1.8272512080668089,19.8516190460891,5.9554857138267305,5.2716666666666665,2.7393,29.125,26.580099999999998,31.2,18.6,6.7,54.8,32.6,11.7,5.3,31.2,29.1,-2.1,6.6,32.5,36.4,3.9,8.9,34.8,48.9,14.1,24.7,50.6,136.3,85.7
