zipcode,GEOID20,CLASSFP20,MTFCC20,FUNCSTAT20,ALAND20,AWATER20,INTPTLAT20,INTPTLON20,Area_km2,centroid_lat,centroid_lon,dist_to_center,IRS_Wealth_Raw,AGI_per_return,Households_200k,Population,HH200k_per_km2,Travel_Time_Min,city_key,city_name,airport_code,IRS_Norm,Density_Norm,Pop200k_Norm,Time_Norm,AGI_Norm,Time_Squared,Geometric_Score,Score_Fmt,IRS_Fmt,AGI_Fmt,HH200k_Fmt,Pop_Fmt,Corporate_Power_Index,total_employment,estimated_revenue_M,power_employment,power_emp_pct,Combined_Score
92657,92657,B5,G6350,S,21494836,1549909,33.5950576,-117.8291306,21.494836,33.59436721799165,-117.83207751349411,63.54136466592712,0.5677916084465495,619.1735234215886,1775.0,9169.0,82.5779736118945,57.16666666666666,los_angeles,Los Angeles,LAX,0.5677916084465495,0.0059213592597315,0.1261639064610135,0.2873769024171889,0.1406037393568417,0.0825854840428985,0.1810941395478559,18.11%,56.8%,$1k,"1,775","9,169",17.493831798018988,2664,691.8,1461,54.84234234234234,0.1780162287640229
92629,92629,B5,G6350,S,13103804,3032515,33.4750606,-117.7056302,13.103804,33.47479637705235,-117.70556228347525,81.22061812403606,0.1367025742231173,177.70710659898478,3107.0,26144.0,237.1067210712248,75.93333333333334,los_angeles,Los Angeles,LAX,0.1367025742231173,0.0170020408221477,0.2208401449996446,0.3881826320501342,0.0403542508730452,0.1506857558253699,0.1245571025887967,12.46%,13.7%,$0k,"3,107","26,144",15.54823755008186,7858,1832.3,3268,41.58819037923136,0.1400197390448076
91108,91108,B5,G6350,S,9813448,18177,34.1223718,-118.1142336,9.813448,34.122335582410265,-118.11356612305816,14.298139852258853,0.330664870447992,369.2759433962264,1740.0,12559.0,177.30771080664005,45.23333333333333,los_angeles,Los Angeles,LAX,0.330664870447992,0.0127140762758492,0.1236761674603738,0.2232766338406445,0.0838562640875101,0.0498524552192092,0.1343126831967047,13.43%,33.1%,$0k,"1,740","12,559",16.894879742065573,2632,673.2,1392,52.88753799392097,0.1516307403086802
90049,90049,B5,G6350,S,38778176,1359,34.0925404,-118.4910639,38.778176,34.08750412793085,-118.489778750415,23.003474561671226,0.4086370285423144,467.96203238414296,6536.0,35819.0,168.54841238535818,33.983333333333334,los_angeles,Los Angeles,LAX,0.4086370285423144,0.012085979574671,0.4645674888051745,0.1628469113697403,0.1062661905609897,0.026519116542664,0.1706155530673182,17.06%,40.9%,$0k,"6,536","35,819",24.80258221981313,15669,4301.35,9755,62.25668517454848,0.2093206876327247
90212,90212,B5,G6350,S,2451840,0,34.0621605,-118.4018817,2.45184,34.06216041826966,-118.40188176890813,14.614154484569056,0.4561666754167966,545.3293430656935,1451.0,10881.0,591.8004437483686,28.933333333333334,los_angeles,Los Angeles,LAX,0.4561666754167966,0.04243580805182,0.103134551140806,0.1357206803939122,0.1238349863416868,0.0184201030865864,0.1406288009550129,14.06%,45.6%,$1k,"1,451","10,881",25.17401937829356,13450,3803.3,8929,66.38661710037175,0.1961844973689742
90025,90025,B5,G6350,S,6606767,3875,34.0454209,-118.445873,6.606767,34.045534757283214,-118.4458106599919,18.63554037860016,0.1820414397167943,243.1803335919317,4991.0,44429.0,755.4375687836426,20.98333333333333,los_angeles,Los Angeles,LAX,0.1820414397167943,0.0541696174828605,0.3547515814912218,0.0930170098478066,0.0552221032516417,0.0086521641210269,0.1002006472119287,10.02%,18.2%,$0k,"4,991","44,429",31.3211404300102,33621,9117.35,20371,60.59010737336784,0.2067060257560153
91105,91105,B5,G6350,S,10866791,85275,34.1394598,-118.1666485,10.866791,34.14050035644464,-118.16712533889554,12.08803309093842,0.268706117734071,316.74903703703706,2292.0,12692.0,210.91783213646053,42.18333333333333,los_angeles,Los Angeles,LAX,0.268706117734071,0.0151241330313272,0.16291136541332,0.2068934646374216,0.0719283001620888,0.042804905709676,0.1262684392352322,12.63%,26.9%,$0k,"2,292","12,692",20.78602984104691,20835,4881.05,8779,42.1358291336693,0.1670643688228506
92603,92603,B5,G6350,S,25865593,0,33.6292589,-117.7940798,25.865593,33.62925920166835,-117.79407956581066,62.73817289868404,0.2337299554254062,317.22632158590307,3361.0,19329.0,129.94096056487086,59.15,los_angeles,Los Angeles,LAX,0.2337299554254062,0.0093175828420712,0.2388940223185727,0.2980304386750224,0.0720366833370298,0.0888221423768262,0.1401628179956915,14.02%,23.4%,$0k,"3,361","19,329",16.896597701517244,2551,653.05,1352,52.99882399059192,0.1545643975054319
92618,92618,B5,G6350,S,53592089,0,33.6673066,-117.7335801,53.592089,33.667308589327575,-117.7335769617936,63.64229717725395,0.0850718035942591,172.51490984743413,6830.0,59386.0,127.44418303977665,62.8,los_angeles,Los Angeles,LAX,0.0850718035942591,0.0091385482149055,0.485464496410548,0.3176365264100268,0.0391751916091571,0.1008929629098276,0.0997663794347703,9.98%,8.5%,$0k,"6,830","59,386",52.96315764214188,98556,24265.800000000003,47412,48.10666017289663,0.3146989779280945
90211,90211,B5,G6350,S,1813406,0,34.0649562,-118.3829813,1.813406,34.064956251064515,-118.38298127735312,12.908915930539964,0.2304393141868636,425.0344422700587,1077.0,9208.0,593.9100234586188,29.766666666666666,los_angeles,Los Angeles,LAX,0.2304393141868636,0.0425870781642369,0.0765512829625417,0.1401969561324977,0.0965180675174462,0.0196551865088174,0.0954315550828782,9.54%,23.0%,$0k,"1,077","9,208",20.139634356383123,10730,2750.1,5703,53.15004659832246,0.1484139493233547
90265,90265,B5,G6350,S,287514072,18899707,34.0702448,-118.8510422,287.514072,34.07019699299227,-118.84570759713309,55.4919340612581,0.3536820701066978,378.9732673267327,2917.0,16652.0,10.145590369573284,67.55,los_angeles,Los Angeles,LAX,0.3536820701066978,0.0007275025391475,0.207335276139029,0.3431512981199641,0.0860583608419855,0.1177528134014165,0.137410170269287,13.74%,35.4%,$0k,"2,917","16,652",19.21159331883992,6945,1805.5500000000002,3819,54.98920086393089,0.1647630517288431
91361,91361,B5,G6350,S,74766396,1754605,34.1372832,-118.8820443,74.766396,34.14015067119179,-118.88398771067624,59.76335628851289,0.2393130926635684,316.61771037181995,2661.0,18753.0,35.59085554959744,55.13333333333333,los_angeles,Los Angeles,LAX,0.2393130926635684,0.0025520878371374,0.1891392423057786,0.2764547896150403,0.0718984781178503,0.0764272507010961,0.1153928154461365,11.54%,23.9%,$0k,"2,661","18,753",22.488107279173068,15025,3917.95,8321,55.3810316139767,0.1701369441189336
92694,92694,B5,G6350,S,104000772,0,33.5150098,-117.5806134,104.000772,33.51501347334939,-117.58063148159856,85.57531478523488,0.1379452013350195,220.5450507614213,5186.0,35074.0,49.86501446354648,76.41666666666667,los_angeles,Los Angeles,LAX,0.1379452013350195,0.0035756346664316,0.368611841637643,0.3907788719785138,0.0500820168510117,0.1527081267847997,0.1189254766111575,11.89%,13.8%,$0k,"5,186","35,074",18.11570803999193,4374,1134.5,2392,54.68678555098309,0.1500412785055384
92677,92677,B5,G6350,S,42595789,133550,33.5286538,-117.7012525,42.595789,33.52780904470872,-117.70522729194614,76.65610466477543,0.1017192601305645,163.24667908131596,7583.0,64259.0,178.02229229748508,71.23333333333333,los_angeles,Los Angeles,LAX,0.1017192601305645,0.0127653162559865,0.5389864240528822,0.362936436884512,0.0370705345887195,0.1317228572184254,0.1214933615614234,12.15%,10.2%,$0k,"7,583","64,259",18.307276825441942,13588,3215.3999999999996,5886,43.3176332057698,0.1522830649079214
92861,92861,B5,G6350,S,5414805,237,33.8179855,-117.8112928,5.414805,33.81806055837619,-117.8102210983536,47.71866929026149,0.259970957873008,326.42296819787987,901.0,5814.0,166.39565044355243,56.05,los_angeles,Los Angeles,LAX,0.259970957873008,0.011931613025087,0.0640415097021821,0.2813786929274843,0.0741250848178323,0.0791739688335795,0.1137997031671697,11.38%,26.0%,$0k,901,"5,814",17.815710104419715,944,251.4,549,58.15677966101694,0.1459784021056834
90803,90803,B5,G6350,S,10517481,11946690,33.7541911,-118.1323626,10.517481,33.75466922819053,-118.13220270023294,34.64721142885262,0.1216169092027599,169.70248815165877,3342.0,31659.0,317.7566947827146,42.21666666666667,los_angeles,Los Angeles,LAX,0.1216169092027599,0.0227851503820661,0.2375435354325112,0.207072515666965,0.0385365386433631,0.0428790267446455,0.0954684339596965,9.55%,12.2%,$0k,"3,342","31,659",16.795354468424645,8049,1939.75,3662,45.4963349484408,0.1317109893219714
90274,90274,B5,G6350,S,31010576,2606409,33.7801,-118.3724118,31.010576,33.7776953152888,-118.37230179880414,32.74920532833048,0.3494381592745978,397.8874027993779,4778.0,24942.0,154.0764673316613,35.88333333333333,los_angeles,Los Angeles,LAX,0.3494381592745978,0.0110482502371508,0.3396119127159002,0.1730528200537153,0.0903534381887361,0.0299472785285435,0.1504813126802105,15.05%,34.9%,$0k,"4,778","24,942",17.508028940221198,6095,1528.85,3073,50.41837571780148,0.1627808010412112
92660,92660,B5,G6350,S,24899647,2908036,33.6346259,-117.8748825,24.899647,33.63379300925121,-117.8750507272244,57.65157481181058,0.3097211942504101,380.7398648648648,6346.0,35926.0,254.8630508697573,53.23333333333333,los_angeles,Los Angeles,LAX,0.3097211942504101,0.0182752811703008,0.451062619944559,0.2662488809310653,0.0864595249912975,0.0708884665970446,0.1873416555671416,18.73%,31.0%,$0k,"6,346","35,926",37.97556386764316,53553,14116.150000000001,30416,56.79607118181988,0.2835486471217866
90266,90266,B5,G6350,S,10485104,2857999,33.8917865,-118.4028145,10.485104,33.89161452251861,-118.403325620108,23.141362536127765,0.3092489547937786,420.0342342342343,6317.0,35123.0,602.473757055724,21.133333333333333,los_angeles,Los Angeles,LAX,0.3092489547937786,0.0432011516394643,0.449001350486886,0.093822739480752,0.095382605614111,0.008802706443673,0.1343001281564848,13.43%,30.9%,$0k,"6,317","35,123",23.33709567823934,18143,4686.25,9824,54.14760513696743,0.1838355424694391
90275,90275,B5,G6350,S,35048238,8379635,33.7531341,-118.3679729,35.048238,33.75155148210582,-118.3670532752968,35.315838842530844,0.1622871919848071,220.10263157894732,6261.0,41941.0,178.63950821151124,50.21666666666667,los_angeles,Los Angeles,LAX,0.1622871919848071,0.0128095745128547,0.4450209680858625,0.2500447627573858,0.0499815510057099,0.0625223833823973,0.1272854592476462,12.73%,16.2%,$0k,"6,261","41,941",16.410242257822667,5865,1431.75,2760,47.05882352941176,0.1456939409129364
92620,92620,B5,G6350,S,15307083,0,33.7066009,-117.7569481,15.307083,33.706602067376224,-117.75694813085364,59.12595308390192,0.0741372243041105,151.04147812971345,7028.0,61110.0,459.13385326257134,58.96666666666667,los_angeles,Los Angeles,LAX,0.0741372243041105,0.0329227804287139,0.4995379913284526,0.2970456580125336,0.03429894176622,0.088236122944099,0.1036599034927651,10.37%,7.4%,$0k,"7,028","61,110",17.092550559284582,7099,1742.4499999999998,3388,47.72503169460487,0.1372927045428054
90064,90064,B5,G6350,S,9646305,3034,34.0353095,-118.4264862,9.646305,34.035820377515456,-118.42649926479282,16.940762263494413,0.2579634471527726,333.2980614973262,3723.0,25956.0,385.95089000399634,23.366666666666667,los_angeles,Los Angeles,LAX,0.2579634471527726,0.0276751024076667,0.2646243514109034,0.1058191584601611,0.0756863011647256,0.0111976942972166,0.1107489693465954,11.07%,25.8%,$0k,"3,723","25,956",28.22538585173733,29287,7668.45,16377,55.91900843377607,0.1965014139319843
90402,90402,B5,G6350,S,5289316,326896,34.034666,-118.5040391,5.289316,34.03496489686088,-118.5046648156286,24.120879268288487,0.5760411519909487,665.1147572815534,2194.0,11816.0,414.79843518519215,29.6,los_angeles,Los Angeles,LAX,0.5760411519909487,0.0297436525464968,0.1559456962115289,0.1393017009847806,0.1510362094593787,0.0194049638972532,0.1673953663838991,16.74%,57.6%,$1k,"2,194","11,816",19.951895162564902,1692,471.4,1088,64.30260047281324,0.183457159004774
90210,90210,B5,G6350,S,27838093,139467,34.1005166,-118.4146299,27.838093,34.10251109811895,-118.41507460054083,16.745822784963316,0.667272823610157,664.8718715393134,3437.0,19180.0,123.46391687102992,38.333333333333336,los_angeles,Los Angeles,LAX,0.667272823610157,0.0088531381363624,0.2442959698628189,0.1862130707251566,0.1509810542527951,0.0346753077088922,0.1960869849568901,19.61%,66.7%,$1k,"3,437","19,180",27.54872105130814,30580,7766.0,15895,51.97841726618705,0.2357870977349857
92673,92673,B5,G6350,S,26689348,27169,33.4669078,-117.614016,26.689348,33.46607136229712,-117.61205590261424,87.50617312170247,0.139788608952877,209.2398243045388,4127.0,30633.0,154.6309786211338,80.96666666666667,los_angeles,Los Angeles,LAX,0.139788608952877,0.0110880121786823,0.2933399673040017,0.4152193375111906,0.0475147928758495,0.172407098243232,0.1312219653367084,13.12%,14.0%,$0k,"4,127","30,633",16.712933666099733,11114,2583.5,4582,41.22728090696419,0.1491756509988528
90272,90272,B5,G6350,S,61670603,1423894,34.0925672,-118.5343628,61.670603,34.07936146461084,-118.5444964478431,27.871472047784124,0.6253648835951287,706.9885024154589,4295.0,21298.0,69.64420308976061,40.16666666666666,los_angeles,Los Angeles,LAX,0.6253648835951287,0.0049939266951541,0.3052811145070723,0.1960608773500447,0.1605450222945388,0.0384398676272692,0.1913406861852438,19.13%,62.5%,$1k,"4,295","21,298",20.75441194525892,5735,1568.0500000000002,3539,61.70880557977332,0.1994424028189165
91362,91362,B5,G6350,S,49181589,0,34.1924314,-118.8194861,49.181589,34.19243488202666,-118.81948783665872,55.24843216756689,0.1403871268769842,215.1597868760516,4532.0,36770.0,92.14830370771467,54.53333333333333,los_angeles,Los Angeles,LAX,0.1403871268769842,0.0066076120248806,0.3221266614542611,0.2732318710832587,0.0488591153362278,0.0746556553756584,0.1076182620388357,10.76%,14.0%,$0k,"4,532","36,770",22.55031775732193,20872,5133.2,10012,47.968570333461095,0.1665607198060275
90069,90069,B5,G6350,S,5573187,0,34.0939535,-118.3815305,5.573187,34.09395380319442,-118.38153056612224,13.517289319841272,0.1826702126809473,273.37854346123726,3185.0,20045.0,571.4862967992999,35.93333333333333,los_angeles,Los Angeles,LAX,0.1826702126809473,0.0409791561520562,0.226384249058213,0.1733213965980304,0.0620796013016932,0.0300403065186917,0.1144459114475144,11.44%,18.3%,$0k,"3,185","20,045",25.22167938769458,18721,5042.549999999999,11172,59.67629934298382,0.1833313526622301
92672,92672,B5,G6350,S,92108427,2049819,33.3729358,-117.5209627,92.108427,33.383247847173386,-117.54228468864058,98.69896857811749,0.1003446996447,155.66552486187845,3518.0,38020.0,38.19411659261101,152.0957398456917,los_angeles,Los Angeles,LAX,0.1003446996447,0.0027387580012056,0.2500533086928708,0.7972913510064012,0.0353489838576686,0.6356734983896125,0.1215502702353285,12.16%,10.0%,$0k,"3,518","38,020",15.320801690574651,10405,2341.35,3903,37.51081210956271,0.1373791435705375
92651,92651,B5,G6350,S,57122661,7243869,33.5714801,-117.7728894,57.122661,33.56076181891894,-117.77456958215552,69.74868015595843,0.3378032821667105,359.7068010075567,4284.0,23981.0,74.99650620267848,61.6,los_angeles,Los Angeles,LAX,0.3378032821667105,0.0053777204383564,0.3044992536782998,0.3111906893464637,0.0816832751734332,0.0968396451359272,0.1703411755280109,17.03%,33.8%,$0k,"4,284","23,981",17.659819264323133,9261,2255.95,4334,46.79840190044271,0.1734696840856211
90067,90067,B5,G6350,S,1114110,0,34.0564373,-118.4136903,1.11411,34.05643734140253,-118.41369041208144,15.667584209978784,0.99951045711716,1267.6296103896104,533.0,2653.0,478.40877471703874,27.73333333333333,los_angeles,Los Angeles,LAX,0.99951045711716,0.0343049133346558,0.0378847110668846,0.1292748433303491,0.287857049111705,0.0167119851180863,0.1635790601317161,16.36%,100.0%,$1k,533,"2,653",35.85746530262994,31635,9699.25,24770,78.29935198356252,0.2610768565790077
92625,92625,B5,G6350,S,6625815,908602,33.601966,-117.8642535,6.625815,33.601075853942184,-117.86618554534526,61.09283812523267,0.5467290348880777,622.8019480519481,2455.0,12546.0,370.5204567287194,55.766666666666666,los_angeles,Los Angeles,LAX,0.5467290348880777,0.0265686434457932,0.1744971213305849,0.2798567591763652,0.14142769266186,0.0783198056566981,0.2179992408307479,21.8%,54.7%,$1k,"2,455","12,546",15.810407596118164,3313,817.55,1603,48.3851494114096,0.1880516583959647
92663,92663,B5,G6350,S,8523401,3485536,33.6252036,-117.9287666,8.523401,33.62211806839955,-117.93242140773172,55.7995300172503,0.2310763191660706,293.8668986083499,3364.0,21886.0,394.67813376374056,54.833333333333336,los_angeles,Los Angeles,LAX,0.2310763191660706,0.028300900588324,0.2391072570900561,0.2748433303491495,0.0667321570683479,0.0755388562374117,0.150803138085793,15.08%,23.1%,$0k,"3,364","21,886",15.94450477021584,11764,2654.4,4449,37.818769126147565,0.1551240928939757
92661,92661,B5,G6350,S,1679631,3132323,33.6035935,-117.9126723,1.679631,33.599799449495414,-117.9015958132088,59.40693036255213,0.3282011901750141,394.7578947368421,853.0,3300.0,507.849640784196,62.11666666666667,los_angeles,Los Angeles,LAX,0.3282011901750141,0.0364160083067922,0.0606297533584476,0.3139659803043867,0.0896427803209572,0.0985746367884945,0.1477370788363526,14.77%,32.8%,$0k,853,"3,300",14.945851500927423,970,239.7,471,48.55670103092783,0.1485977969228134
90077,90077,B5,G6350,S,18807577,350034,34.108023,-118.4569641,18.807577,34.10540597358441,-118.45595570806869,20.424209953060423,0.5366372799588014,599.1013089005236,1535.0,7868.0,81.6160423003984,33.78333333333333,los_angeles,Los Angeles,LAX,0.5366372799588014,0.0058523827442102,0.1091051247423413,0.1617726051924798,0.1360456820238365,0.0261703757907619,0.1357390217381332,13.57%,53.7%,$1k,"1,535","7,868",20.152380261254084,2308,642.4,1481,64.1681109185442,0.168631412175337
91302,91302,B5,G6350,S,71094709,116015,34.1225565,-118.6698213,71.094709,34.12298146883412,-118.67190818102851,40.21126001902951,0.2399123227405219,341.43988195615515,4213.0,26318.0,59.25898086171223,47.016666666666666,los_angeles,Los Angeles,LAX,0.2399123227405219,0.0042492410469758,0.2994526974198592,0.2328558639212175,0.0775351696295097,0.0542218533624965,0.1244394071389746,12.44%,24.0%,$0k,"4,213","26,318",28.064021311983105,24045,6598.549999999999,14959,62.21251819505095,0.2025398101294028
91011,91011,B5,G6350,S,29166369,52803,34.2179351,-118.2022546,29.166369,34.2175621307437,-118.20343315671184,18.75720201620827,0.2549630219606159,362.888689217759,3383.0,20389.0,115.98975518687294,44.61666666666667,los_angeles,Los Angeles,LAX,0.2549630219606159,0.0083171938093047,0.2404577439761177,0.2199641897940913,0.0824058276787432,0.048384244791771,0.1283467361185928,12.83%,25.5%,$0k,"3,383","20,389",16.530537747297966,5164,1274.1999999999998,2498,48.373353989155696,0.1468260567957862
91436,91436,B5,G6350,S,13521165,141227,34.1495876,-118.4897076,13.521165,34.152154680379375,-118.49053466618136,25.29914257091396,0.4834002537136452,646.3570806100217,2414.0,16190.0,178.5349117476194,32.483333333333334,los_angeles,Los Angeles,LAX,0.4834002537136452,0.0128020742895759,0.1715829127869784,0.1547896150402864,0.1467766612359833,0.02395982492432,0.1498556105336634,14.99%,48.3%,$1k,"2,414","16,190",28.544625868289568,16728,4963.2,12270,73.35007173601149,0.2176509346082795
92648,92648,B5,G6350,S,20808777,6275485,33.6790445,-118.0130105,20.808777,33.67791625683341,-118.01167972633246,46.80835138054353,0.0942116345552499,156.0723650385604,4917.0,45667.0,236.29452129743137,51.9,los_angeles,Los Angeles,LAX,0.0942116345552499,0.0169438009981251,0.3494917904612979,0.2590868397493285,0.0354413703180036,0.0671259905312942,0.09638709502842,9.64%,9.4%,$0k,"4,917","45,667",17.1942642038231,15518,3478.8999999999996,5756,37.092408815569016,0.1341648685333255
90254,90254,B5,G6350,S,3702205,1551783,33.8642586,-118.3993032,3.702205,33.864808466325115,-118.39927195164287,25.29931271933728,0.1786894112770731,273.0513888888889,3506.0,19551.0,947.0032048468412,25.58333333333333,los_angeles,Los Angeles,LAX,0.1786894112770731,0.0679060765328291,0.2492003696069372,0.1177260519247985,0.0620053100820595,0.0138594233018003,0.103967844952989,10.4%,17.9%,$0k,"3,506","19,551",17.013725729159205,6219,1537.4499999999998,3023,48.60910114166265,0.1370525511222905
90024,90024,B5,G6350,S,7702301,0,34.0656447,-118.4352837,7.702301,34.06564495907017,-118.43528344929926,17.712021013072277,0.3410547565879206,455.7036759700477,3444.0,50392.0,447.13910817040255,26.78333333333333,los_angeles,Los Angeles,LAX,0.3410547565879206,0.0320626818841136,0.2447935176629469,0.1241718889883616,0.1034825270401948,0.015418658014938,0.1356379878941562,13.56%,34.1%,$0k,"3,444","50,392",29.3484947739644,25315,7080.049999999999,16414,64.83902824412404,0.2145614678169001
92679,92679,B5,G6350,S,65202073,60610,33.6494382,-117.561405,65.202073,33.652699769661425,-117.56062476764428,77.15030443394156,0.1396252598431539,232.41376712328767,5367.0,30971.0,82.31333381072102,78.91666666666667,los_angeles,Los Angeles,LAX,0.1396252598431539,0.0059023829241709,0.3814770061838083,0.4042076991942703,0.0527771997661699,0.1633838640879257,0.128386760885962,12.84%,14.0%,$0k,"5,367","30,971",18.160529217030795,2452,649.0,1406,57.34094616639478,0.154996026528135
92692,92692,B5,G6350,S,22259194,909266,33.6121754,-117.6404517,22.259194,33.6094955365917,-117.64393508642316,74.10976666223763,0.0793388387989576,135.4633505598622,5279.0,45977.0,237.16042907932783,66.48333333333333,los_angeles,Los Angeles,LAX,0.0793388387989576,0.0170058920235904,0.3752221195536285,0.3374216651745747,0.0307614148765122,0.1138533801291828,0.0997538656681521,9.98%,7.9%,$0k,"5,279","45,977",15.59264524843258,6569,1555.75,2852,43.41604506013092,0.1278401590762389
92675,92675,B5,G6350,S,34670210,0,33.4997737,-117.6537035,34.67021,33.499775829927664,-117.65370373756474,82.13945593578366,0.1224106310542715,171.71402688486265,2896.0,35099.0,83.52992381644069,71.93333333333334,los_angeles,Los Angeles,LAX,0.1224106310542715,0.0059896200672076,0.2058426327386452,0.3666965085049238,0.0389933247575152,0.1344663293497017,0.1023479792611783,10.23%,12.2%,$0k,"2,896","35,099",18.70227684983556,17507,4010.05,6920,39.527046324327415,0.1446853738797669
6831,6831,B5,G6350,S,71361614,1311247,41.0887241,-73.6588376,71.361614,41.08793066336534,-73.66080762242181,50.80986997750491,0.4946478338518638,794.1111416781293,2761.0,14681.0,38.69026841237083,66.78333333333333,new_york,New York,JFK,0.4946478338518638,0.002774335202288,0.1962470680218921,0.3390331244404655,0.1803290866958648,0.1149434594678641,0.182861146748411,18.29%,49.5%,$1k,"2,761","14,681",15.95312375049952,4227,1037.05,2015,47.66974213390111,0.1711961921267031
10028,10028,B5,G6350,S,817182,0,40.7764466,-73.9533832,0.817182,40.776446617851214,-73.95338348316952,8.350733268368202,0.2725114470821427,454.2012581168832,10097.0,45717.0,12355.876659055144,48.78333333333333,new_york,New York,JFK,0.2725114470821427,0.8859939456864815,0.7176771625559741,0.2423455684870187,0.1031413535884231,0.0587313745652963,0.2737759590623526,27.38%,27.3%,$0k,"10,097","45,717",15.478226852228442,15088,3226.8,4818,31.93266171792153,0.2142791137923185
10282,10282,B5,G6350,S,177847,0,40.7163808,-74.0150041,0.177847,40.716380819107,-74.01500407974702,0.8569966244838376,0.3860415053632319,821.3107476635514,1839.0,6450.0,10340.348726714536,47.65,new_york,New York,JFK,0.3860415053632319,0.7414679363476728,0.1307129149193261,0.2362578334825425,0.1865056529828879,0.0558177638818647,0.2253950763333318,22.54%,38.6%,$1k,"1,839","6,450",20.26526229511229,10949,2809.15,5834,53.283404877157736,0.2140238496422273
10280,10280,B5,G6350,S,276532,0,40.7097053,-74.0165861,0.276532,40.70970535402938,-74.01658606255974,0.956316771958462,0.0996473801596801,272.32524038461537,2158.0,8843.0,7803.798475402485,46.6,new_york,New York,JFK,0.0996473801596801,0.5595813549576757,0.153386878953728,0.2306177260519248,0.0618404141503585,0.0531845355693606,0.1138502485098212,11.39%,10.0%,$0k,"2,158","8,843",14.946214622738156,1059,261.45000000000005,513,48.44192634560906,0.1316561973686013
11201,11201,B5,G6350,S,3506670,39281,40.6937005,-73.9898589,3.50667,40.6948124781143,-73.99012392760484,2.406553108051149,0.1149331440244573,278.00287434984944,13110.0,69755.0,3738.5896021011386,46.38333333333333,new_york,New York,JFK,0.1149331440244573,0.2680803510967823,0.931835951382472,0.2294538943598925,0.0631297079202211,0.0526490896369207,0.1626279576293585,16.26%,11.5%,$0k,"13,110","69,755",31.68398577956818,47740,11304.8,20719,43.39966485127776,0.2397339077125201
10514,10514,B5,G6350,S,32952964,294226,41.1721185,-73.7692173,32.952964,41.17332769205102,-73.77072954647147,54.88880563007037,0.3357680999783516,561.0383763837639,2663.0,12867.0,80.81215395373842,72.78333333333333,new_york,New York,JFK,0.3357680999783516,0.005794738901705,0.1892813988201009,0.371262309758281,0.1274022396925669,0.1378357026470538,0.1669617687887693,16.7%,33.6%,$1k,"2,663","12,867",15.350026714111976,2514,617.9,1204,47.89180588703262,0.1602310179649445
10576,10576,B5,G6350,S,58025007,2305642,41.2215765,-73.5723324,58.025007,41.21322544126348,-73.57290759533059,66.47372583870369,0.2191328837731391,344.41167315175096,1018.0,4927.0,17.544159882651975,87.68333333333334,new_york,New York,JFK,0.2191328837731391,0.0012580264328548,0.0723576657900348,0.4512981199641897,0.0782100126886564,0.2036699930832121,0.1032773478510086,10.33%,21.9%,$0k,"1,018","4,927",17.130244669650303,761,199.54999999999998,427,56.11038107752957,0.1372898972737558
6880,6880,B5,G6350,S,51840187,6580665,41.1427524,-73.343614,51.840187,41.14160696555052,-73.3464589199341,73.10038073980611,0.3203158230574278,547.2183436532508,5454.0,27331.0,105.2079538216172,93.26666666666668,new_york,New York,JFK,0.3203158230574278,0.0075440709466538,0.387660814556827,0.4812891674127125,0.1242639461343958,0.231639262668822,0.2143890446355003,21.44%,32.0%,$1k,"5,454","27,331",18.129106146032427,13054,3091.7,5668,43.41964148919871,0.1978400530479123
6830,6830,B5,G6350,S,35062313,12451442,41.0376034,-73.6243386,35.062313,41.03743649848576,-73.62455867195487,48.28669054077637,0.6393217028171485,796.1295809367297,3566.0,24881.0,101.70464224650551,64.56666666666666,new_york,New York,JFK,0.6393217028171485,0.0072928615075301,0.2534650650366053,0.327126230975828,0.1807874398015589,0.1070115709924508,0.2375851493882861,23.76%,63.9%,$1k,"3,566","24,881",20.86994055932563,19916,4724.6,8686,43.61317533641294,0.2231422774907712
6824,6824,B5,G6350,S,52024071,3318579,41.1730393,-73.280818,52.024071,41.174021318382,-73.28050389067454,79.64472981423907,0.1576422605254415,293.1342070773263,5446.0,36969.0,104.68231138620428,98.2,new_york,New York,JFK,0.1576422605254415,0.0075063790832415,0.3870921884995379,0.5077887197851387,0.0665657753269458,0.2578493839410301,0.1535378582177889,15.35%,15.8%,$0k,"5,446","36,969",15.370157014082208,14238,3066.3,4653,32.68015170670038,0.1536197141793054
6883,6883,B5,G6350,S,51203831,2341309,41.2274128,-73.3670614,51.203831,41.22838704152897,-73.37252923555315,78.20051941526896,0.237776778080277,401.46726457399103,1987.0,10336.0,38.80569014455188,118.2,new_york,New York,JFK,0.237776778080277,0.0027826116652808,0.141232496979174,0.6152193375111906,0.0911663636980662,0.3784948332477083,0.1507054296479096,15.07%,23.8%,$0k,"1,987","10,336",20.320319259633795,611,173.45000000000002,409,66.93944353518822,0.1769543111221238
6897,6897,B5,G6350,S,69387325,1276100,41.2112771,-73.4409775,69.387325,41.20704850946761,-73.44005973277288,72.65472079241675,0.176219247435613,346.77334905660376,3490.0,18473.0,50.29737059326037,99.23333333333332,new_york,New York,JFK,0.176219247435613,0.00360663731593,0.2480631174923591,0.5133393017009847,0.0787463089784853,0.2635172386708546,0.1386152987587403,13.86%,17.6%,$0k,"3,490","18,473",18.74371251467516,14958,3529.7,6430,42.98703035165129,0.1630262119527459
6853,6853,B5,G6350,S,3124072,1057662,41.0661164,-73.4380025,3.124072,41.06768266118464,-73.43822205857482,61.92760382672974,0.316699616647597,538.5464480874317,690.0,3160.0,220.8655882450853,83.86666666666666,new_york,New York,JFK,0.316699616647597,0.0158374496116565,0.0490439974411827,0.4307967770814681,0.1222947066599295,0.1855858631437801,0.1452507703745172,14.53%,31.7%,$1k,690,"3,160",18.17722721272417,680,183.2,406,59.70588235294117,0.1635115212508794
6890,6890,B5,G6350,S,7499187,412928,41.1485647,-73.2877801,7.499187,41.14581606695584,-73.28946768540808,77.08304878566435,0.246588375981731,399.3719457013575,821.0,4443.0,109.47853413976742,93.41666666666669,new_york,New York,JFK,0.246588375981731,0.0078502983727487,0.0583552491292913,0.4820948970456579,0.0906905525441764,0.2324154897574635,0.1294028724183835,12.94%,24.7%,$0k,821,"4,443",16.842520916412536,2030,521.7,1086,53.4975369458128,0.1489140407912544
7920,7920,B5,G6350,S,70374059,1427703,40.6822678,-74.5541434,70.374059,40.68370018073224,-74.55444967297953,46.3489114076585,0.1187962659095213,256.23012490815574,4734.0,28460.0,67.26910550946052,91.28333333333332,new_york,New York,JFK,0.1187962659095213,0.0048236172841243,0.3364844694008103,0.470635631154879,0.0581854881308078,0.2214978973125513,0.120283375363317,12.03%,11.9%,$0k,"4,734","28,460",18.70806308986313,17469,4003.75,6917,39.59585551548457,0.1536820031309741
7021,7021,B5,G6350,S,3647513,15705,40.8281024,-74.2762262,3.647513,40.82703072454318,-74.27985170640154,26.328234761810982,0.2482454097990604,481.7119266055046,461.0,2290.0,126.38748648736824,90.48333333333332,new_york,New York,JFK,0.2482454097990604,0.0090627764365287,0.0327670765512829,0.466338406445837,0.1093885568608293,0.2174715093264426,0.1158069846902929,11.58%,24.8%,$0k,461,"2,290",16.985458979100862,172,45.2,97,56.395348837209305,0.1428307872406507
7932,7932,B5,G6350,S,17454406,403692,40.7774609,-74.3928454,17.454406,40.77716782644973,-74.39246489136343,33.334670648304154,0.1209075074011946,244.07222222222225,1399.0,10941.0,80.15168204520968,89.9,new_york,New York,JFK,0.1209075074011946,0.0057473789184031,0.099438481768427,0.4632050134288272,0.0554246359371734,0.2145588844655999,0.0961598584977694,9.62%,12.1%,$0k,"1,399","10,941",24.359333315933046,20069,5219.75,11047,55.04509442423638,0.1698765958285499
7039,7039,B5,G6350,S,35670118,878161,40.7858277,-74.3291,35.670118,40.785531876800334,-74.32909100476479,28.39283214258003,0.1435911875184193,290.97637848876786,5213.0,31091.0,146.1447366111881,88.08333333333333,new_york,New York,JFK,0.1435911875184193,0.0104794953368658,0.3705309545809936,0.4534467323187107,0.0660757692834609,0.2056139390505165,0.1435401318406154,14.35%,14.4%,$0k,"5,213","31,091",17.325813005744838,19609,4204.15,6314,32.19950022948646,0.1583991309490319
7302,7302,B5,G6350,S,3711233,755403,40.7188084,-74.0446341,3.711233,40.71892353703899,-74.04460644248228,3.324256761405552,0.0539679099866687,200.78178331735376,10903.0,53237.0,2937.837640482287,68.28333333333333,new_york,New York,JFK,0.0539679099866687,0.2106614070940563,0.7749662378278485,0.3470904207699193,0.0455941161262044,0.1204717601902396,0.1237256961186115,12.37%,5.4%,$0k,"10,903","53,237",25.59153862798637,32851,7719.65,13960,42.494901220663,0.1898205411992376
7632,7632,B5,G6350,S,5506663,3238179,40.8846338,-73.9446545,5.506663,40.88227243121598,-73.94672395001496,19.493874627823303,0.1871908413521466,351.3853146853147,1015.0,5347.0,184.322156630976,74.05,new_york,New York,JFK,0.1871908413521466,0.0132170560889532,0.0721444310185514,0.378066248880931,0.079793607657535,0.142934088542898,0.1124406889369108,11.24%,18.7%,$0k,"1,015","5,347",18.522998707706204,11991,2904.65,5530,46.11792177466433,0.1488353380069864
7677,7677,B5,G6350,S,8744046,445072,41.0259773,-74.0610613,8.744046,41.02529141899981,-74.06034310648383,35.0466305137853,0.1510513718202972,292.1904761904762,1167.0,6096.0,133.4622439085979,88.1,new_york,New York,JFK,0.1510513718202972,0.0095700809698591,0.0829483261070438,0.4535362578334824,0.0663514701497728,0.205695137169599,0.1081583937775257,10.82%,15.1%,$0k,"1,167","6,096",14.87425390790892,6344,1475.8000000000002,2621,41.31462799495586,0.1284504664283074
7960,7960,B5,G6350,S,89656038,888782,40.7792345,-74.5024615,89.656038,40.78448306276672,-74.49814859283569,42.21737846500801,0.105519912630799,207.142899408284,6576.0,46560.0,73.34698417077053,92.86666666666666,new_york,New York,JFK,0.105519912630799,0.0052594393504276,0.4674106190916198,0.4791405550581915,0.0470386170214063,0.2295756715014718,0.1229946002556494,12.3%,10.6%,$0k,"6,576","46,560",25.644608470891505,34293,7941.75,13989,40.79258157641501,0.1897203424822822
7470,7470,B5,G6350,S,61838072,3671697,40.9458547,-74.2450769,61.838072,40.94805001919339,-74.24503048292713,32.99576004321506,0.0629892470780111,140.91923513820524,6246.0,54557.0,101.00573640135482,89.73333333333333,new_york,New York,JFK,0.0629892470780111,0.007242745569625,0.4439547942284455,0.46230975828111,0.0320003531453439,0.2137303126019384,0.0957336256075669,9.57%,6.3%,$0k,"6,246","54,557",19.317654488512662,28215,5791.05,7794,27.62360446570973,0.1444550852463467
7079,7079,B5,G6350,S,7385205,4806,40.7488111,-74.2615125,7.385205,40.74908759281836,-74.26015777385203,21.792519180143497,0.1115881721441548,237.7805929919137,2476.0,18648.0,335.26489785997813,86.58333333333333,new_york,New York,JFK,0.1115881721441548,0.0240405984861823,0.1759897647309688,0.4453894359892568,0.0539959143220441,0.1983717496908283,0.117624301323866,11.76%,11.2%,$0k,"2,476","18,648",14.859436433339276,5927,1384.65,2478,41.8086721781677,0.1331093328286293
7733,7733,B5,G6350,S,46032108,528187,40.3749643,-74.1738486,46.032108,40.37682454810918,-74.17260815434415,39.92319412339567,0.1224696238150772,257.4858009708738,2544.0,17130.0,55.26577231700968,82.96666666666667,new_york,New York,JFK,0.1224696238150772,0.0039629029188045,0.1808230862179259,0.4259623992837958,0.0584706307332618,0.1814439656036079,0.1016283367393542,10.16%,12.2%,$0k,"2,544","17,130",16.235892466507647,11101,2545.55,4402,39.654085217547966,0.1319936307022153
7059,7059,B5,G6350,S,51036059,184058,40.6345884,-74.5190442,51.036059,40.63199631034868,-74.51462027687053,43.82564915506008,0.1512837506463663,301.04321728691474,2701.0,16208.0,52.923365418948194,87.7,new_york,New York,JFK,0.1512837506463663,0.0037949376349736,0.191982372592224,0.4513876454789614,0.0683617765576418,0.2037508064910405,0.1164900268653571,11.65%,15.1%,$0k,"2,701","16,208",16.784468233862746,9503,2253.45,4140,43.56518994001894,0.1421673546019922
7901,7901,B5,G6350,S,16402154,114262,40.7149229,-74.3663718,16.402154,40.71460238242281,-74.36601138583018,30.34360629858449,0.2052474130606478,453.19104744852285,4019.0,24281.0,245.0287931694825,81.81666666666666,new_york,New York,JFK,0.2052474130606478,0.0175701031385682,0.2856635155305992,0.4197851387645478,0.1029119519875201,0.1762195627275706,0.1663405207133017,16.63%,20.5%,$0k,"4,019","24,281",16.65119750416938,13719,3090.25,5162,37.626649172680224,0.1664262478774977
7030,7030,B5,G6350,S,3235718,1865282,40.7452508,-74.0279257,3.235718,40.7451237974362,-74.02816672774709,4.050613531885428,0.0728504253257821,225.1145409950946,11381.0,58754.0,3517.302805745124,75.66666666666667,new_york,New York,JFK,0.0728504253257821,0.2522126982185786,0.8089416447508707,0.3867502238137869,0.0511196700928019,0.1495757356200142,0.1541517322091083,15.42%,7.3%,$0k,"11,381","58,754",20.007063042428427,23508,5221.4,8476,36.05581078781691,0.1771111813166963
7940,7940,B5,G6350,S,12724334,56181,40.7605346,-74.41948,12.724334,40.76011595558619,-74.41894357717935,35.18789186349341,0.1198077913287905,263.0250663129973,2250.0,17798.0,176.8265435346164,88.03333333333333,new_york,New York,JFK,0.1198077913287905,0.0126795735609356,0.1599260786125524,0.4531781557743956,0.0597285033504377,0.2053704408710824,0.1129391308360644,11.29%,12.0%,$0k,"2,250","17,798",15.582429903696356,11258,2527.8999999999996,4196,37.27127376088115,0.134381714936514
7078,7078,B5,G6350,S,20698519,1445758,40.742264,-74.3275735,20.698519,40.741951424021565,-74.32772986810271,27.30398034879252,0.4686861046030677,1044.1607907742998,3319.0,14287.0,160.34963660926658,79.36666666666666,new_york,New York,JFK,0.4686861046030677,0.0114980758669779,0.2359087355178051,0.4066248880931064,0.2371110942557214,0.1653437996167313,0.22894435710079,22.89%,46.9%,$1k,"3,319","14,287",16.596741503763663,9036,2142.4,3935,43.54803010181496,0.1974558860692133
11765,11765,B5,G6350,S,5847641,632680,40.8821323,-73.5589679,5.847641,40.88244014513708,-73.5584784390858,42.129773989550046,0.7136205221547223,1335.7096774193549,136.0,708.0,23.2572416808761,57.13333333333333,new_york,New York,JFK,0.7136205221547223,0.001667690273318,0.0096666429739142,0.2871978513876455,0.3033168703701293,0.0824826058416801,0.1069726658706471,10.7%,71.4%,$1k,136,708,15.802820050433969,256,65.2,134,52.34375,0.1325004331874933
11530,11530,B5,G6350,S,18739436,71483,40.7268542,-73.6370085,18.739436,40.7271634121369,-73.63652642170725,31.178444228181103,0.1982757961613831,357.3915426251692,4564.0,28207.0,243.5505529622129,26.883333333333333,new_york,New York,JFK,0.1982757961613831,0.0174641040330372,0.3244011656834174,0.1247090420769919,0.0811575195107201,0.0155523451757609,0.1031395284938507,10.31%,19.8%,$0k,"4,564","28,207",27.570223182983007,33374,8237.3,16156,48.40894109186792,0.1894208801618404
11217,11217,B5,G6350,S,1908694,8496,40.6816707,-73.9785294,1.908694,40.68245385660319,-73.97951551013215,4.0461439117279,0.0746166529354052,194.6638099673964,7385.0,43045.0,3869.137745495088,45.88333333333333,new_york,New York,JFK,0.0746166529354052,0.2774414727605279,0.5249129291349776,0.2267681289167412,0.044204828797612,0.0514237842923997,0.1166770073380308,11.67%,7.5%,$0k,"7,385","43,045",17.774872931754178,17811,3955.45,6419,36.039526135534224,0.1472128683277863
10004,10004,B5,G6350,S,1179938,0,40.6898053,-74.017389,1.179938,40.693981956893325,-74.01825481659536,2.333580900752072,0.2449716486990954,412.298755186722,1230.0,4579.0,1042.427652978377,31.627684760698703,new_york,New York,JFK,0.2449716486990954,0.0747486086855804,0.0874262563081953,0.1501934723045588,0.0936260103485602,0.0225580791229002,0.1098770583776449,10.99%,24.5%,$0k,"1,230","4,579",37.58126926352844,49746,13475.5,30068,60.44305069754352,0.2428448755064646
10007,10007,B5,G6350,S,414129,0,40.7138682,-74.0078656,0.414129,40.71386817347904,-74.00786561807205,0.1970595673424024,0.3806539303734345,894.9903614457832,2078.0,7506.0,5017.760166518162,51.13333333333333,new_york,New York,JFK,0.3806539303734345,0.3598049131692972,0.1477006183808373,0.2549686660698299,0.203237035737922,0.0650090206774284,0.2199596681756274,22.0%,38.1%,$1k,"2,078","7,506",33.835118569344345,40684,10965.6,24315,59.76550978271556,0.2791554269345354
10025,10025,B5,G6350,S,2302133,0,40.7982514,-73.9683364,2.302133,40.798251664275575,-73.96833618100494,10.017404771064276,0.093527640053701,192.60387505871304,12252.0,96988.0,5322.020925810976,56.68333333333333,new_york,New York,JFK,0.093527640053701,0.3816223202284593,0.8708508067382188,0.2847806624888093,0.0437370527380156,0.0811000257275651,0.1634655783157477,16.35%,9.4%,$0k,"12,252","96,988",18.255514498366885,15239,3535.25,6247,40.99350351072905,0.1730103616497083
10019,10019,B5,G6350,S,1706504,17866,40.765735,-73.9850652,1.706504,40.76581497077318,-73.98518142627411,6.150401201323528,0.2000223150577766,328.01895979343414,8479.0,42766.0,4968.637635774659,62.03333333333333,new_york,New York,JFK,0.2000223150577766,0.3562825192480496,0.6026725424692586,0.3135183527305282,0.0744875072694206,0.0982937574988638,0.2292134748173346,22.92%,20.0%,$0k,"8,479","42,766",63.61461450293602,125460,31001.199999999997,60911,48.550135501355015,0.4326798099233473
10003,10003,B5,G6350,S,1480728,0,40.7318645,-73.9891241,1.480728,40.731864670446335,-73.98912405000999,2.552751684638805,0.1548808203039973,305.01235059760955,9675.0,53877.0,6533.948166037247,52.25,new_york,New York,JFK,0.1548808203039973,0.468525113699296,0.6876821380339754,0.2609668755595344,0.0692630989888813,0.0681037101393055,0.1977806550943611,19.78%,15.5%,$0k,"9,675","53,877",46.27229596032824,82374,20081.5,38627,46.892223274334135,0.3302518073488217
10016,10016,B5,G6350,S,1422492,0,40.7451816,-73.9780533,1.422492,40.74518169437849,-73.97805328715827,4.302378223518275,0.1176408293922035,229.5003717472119,11702.0,54369.0,8226.40830317499,44.45,new_york,New York,JFK,0.1176408293922035,0.5898851334046418,0.8317577652995949,0.2190689346463742,0.052115617400959,0.0479911981270973,0.170839178994003,17.08%,11.8%,$0k,"11,702","54,369",56.77030441342955,109431,26619.050000000003,51022,46.62481380961519,0.3692711115641492
10580,10580,B5,G6350,S,21633637,518758,40.9790486,-73.693202,21.633637,40.97867298166526,-73.69340369168893,39.56515914544453,0.4559332590269013,793.0115613825983,3529.0,18077.0,163.12559926932303,53.66666666666666,new_york,New York,JFK,0.4559332590269013,0.0116971298214748,0.2508351695216433,0.2685765443151298,0.1800793907779573,0.0721333601562568,0.1939829175361627,19.4%,45.6%,$1k,"3,529","18,077",15.830903305685304,6918,1643.1,3027,43.75542064180399,0.1761459752965078
11050,11050,B5,G6350,S,26246637,4989045,40.8398952,-73.693123,26.246637,40.840447448229575,-73.69262681281323,29.962364827215577,0.1458513106830599,272.1957755775577,4600.0,31920.0,175.26054861809533,45.73333333333333,new_york,New York,JFK,0.1458513106830599,0.012567281891692,0.3269599829412183,0.2259623992837958,0.0618110149023305,0.0510590058900896,0.1087408430936179,10.87%,14.6%,$0k,"4,600","31,920",15.255200977456552,13153,2859.75,4434,33.71094046985478,0.1306464264340917
11576,11576,B5,G6350,S,11930854,408899,40.7965689,-73.6468851,11.930854,40.79785932852847,-73.64714958713829,31.67140742329065,0.2239480882015993,370.66532507739936,2440.0,12506.0,204.51176420397064,38.66666666666666,new_york,New York,JFK,0.2239480882015993,0.0146647777334024,0.1734309474731679,0.1880035810205908,0.0841717689538798,0.0353453464765658,0.1119935462844052,11.2%,22.4%,$0k,"2,440","12,506",16.323453531644837,7849,1870.9499999999998,3468,44.18397248057077,0.1376140408004267
10504,10504,B5,G6350,S,41781352,4666629,41.1284683,-73.7075205,41.781352,41.13060961480385,-73.70638503169256,52.84003817382735,0.2981009531962625,546.0884318766067,1577.0,8047.0,37.74411129635058,67.83333333333333,new_york,New York,JFK,0.2981009531962625,0.002706489795637,0.1120904115431089,0.3446732318710832,0.1240073624548134,0.1187996367684574,0.1274380269412266,12.74%,29.8%,$1k,"1,577","8,047",17.28172027873652,11291,2662.25,4843,42.89256930298468,0.1501276148642958
11743,11743,B5,G6350,S,66477469,7831764,40.8834117,-73.4235629,66.477469,40.88175090712043,-73.42638032221502,52.282608018752825,0.102070252081906,200.1184710561202,5661.0,41423.0,85.1566716536696,57.8,new_york,New York,JFK,0.102070252081906,0.0061062681023664,0.4023740137891819,0.2907788719785138,0.0454434892328332,0.0845523523890969,0.0975839302531202,9.76%,10.2%,$0k,"5,661","41,423",16.322130868374035,16167,3503.05,5390,33.33951877280881,0.1304026194684303
11724,11724,B5,G6350,S,9999701,1264544,40.8643223,-73.4564061,9.999701,40.866747286102296,-73.45470751357907,49.467777916874695,0.291356867236912,511.8906832298137,574.0,2874.0,57.401716311317706,54.0,new_york,New York,JFK,0.291356867236912,0.0041160635159439,0.0407989196104911,0.270367054610564,0.1162416374109624,0.0730983442187916,0.0974029427721273,9.74%,29.1%,$1k,574,"2,874",15.03689864831915,1318,325.3,638,48.40667678300456,0.1238859646276594
11797,11797,B5,G6350,S,13197682,41188,40.8202082,-73.4724495,13.197682,40.817389996942914,-73.47004035493508,46.611668744308965,0.2950817274762197,499.170893970894,1498.0,9203.0,113.50478061223176,43.91666666666666,new_york,New York,JFK,0.2950817274762197,0.0081390055278036,0.1064752292273793,0.2162041181736795,0.1133531903666637,0.0467442207152583,0.1162582002121972,11.63%,29.5%,$0k,"1,498","9,203",23.08328066000317,16553,4316.15,9166,55.37364828127832,0.1735455034061144
10005,10005,B5,G6350,S,188727,0,40.7062151,-74.0086868,0.188727,40.70621507857109,-74.0086868289593,0.7664330202158391,0.2224485909873617,386.4944532488114,2368.0,8801.0,12547.224297530294,50.48333333333333,new_york,New York,JFK,0.2224485909873617,0.8997147729404623,0.1683133129575662,0.2514771709937332,0.0877662937962217,0.0632407675310113,0.1881258326619362,18.81%,22.2%,$0k,"2,368","8,801",33.86185740939823,34751,9910.050000000001,23487,67.58654427210728,0.2633722033779592
10006,10006,B5,G6350,S,250630,0,40.7094897,-74.0130536,0.25063,40.70948971878726,-74.01305356730325,0.6992445931242036,0.1538941586446516,330.1596,1074.0,3736.0,4285.201292742289,49.11666666666667,new_york,New York,JFK,0.1538941586446516,0.3072758417861937,0.0763380481910583,0.244136078782453,0.0749736101247196,0.059602424963272,0.1185672934323752,11.86%,15.4%,$0k,"1,074","3,736",25.873581857228324,16856,4695.4,10835,64.2797816801139,0.1886515560023292
10013,10013,B5,G6350,S,1409917,0,40.7200512,-74.0048091,1.409917,40.7200512331036,-74.00480924437629,0.8125218197398829,0.3246158692990881,581.055785123967,5108.0,29453.0,3622.908298857308,53.333333333333336,new_york,New York,JFK,0.3246158692990881,0.2597852752287303,0.3630677375790745,0.2667860340196956,0.1319478515681421,0.0711747879479582,0.2396674720587812,23.97%,32.5%,$1k,"5,108","29,453",39.75843433095561,68109,16178.55,29811,43.76954587499449,0.3186259076841686
10014,10014,B5,G6350,S,1255850,0,40.7341455,-74.0060262,1.25585,40.73414569699566,-74.00602626728163,2.373534243802371,0.2346712684724818,426.81586695747,6980.0,29461.0,5557.988613289805,55.86666666666667,new_york,New York,JFK,0.2346712684724818,0.3985426851894242,0.4961262349847182,0.2803939122649955,0.0969225986592955,0.0786207460352699,0.2309422090080999,23.09%,23.5%,$0k,"6,980","29,461",25.21952099364532,30807,7327.05,13530,43.918589930859866,0.2415687094722765
10001,10001,B5,G6350,S,1616221,0,40.750649,-73.9972976,1.616221,40.75064901865221,-73.99729793261906,4.272015294065874,0.115888454822265,264.14298349056605,4361.0,27004.0,2698.2696054561848,58.16666666666666,new_york,New York,JFK,0.115888454822265,0.1934828746054223,0.3099722794797072,0.2927484333034915,0.0599823632612892,0.0857016452016488,0.1398127386780603,13.98%,11.6%,$0k,"4,361","27,004",68.17461097827632,141331,33373.05,60867,43.06698459644381,0.4107794242304117
11215,11215,B5,G6350,S,5668437,58928,40.6626879,-73.9867402,5.668437,40.66256935701704,-73.98685045768045,5.814086531901963,0.0858131352954232,205.4932808716707,12695.0,72014.0,2239.5944419952098,45.46666666666667,new_york,New York,JFK,0.0858131352954232,0.1605929851158442,0.9023384746606014,0.2245299910474485,0.0466640168067872,0.0504137168797673,0.131502249247686,13.15%,8.6%,$0k,"12,695","72,014",18.98321571403837,21367,4719.25,7571,35.43314456872748,0.1606672031940348
10128,10128,B5,G6350,S,1174715,0,40.7814985,-73.9501988,1.174715,40.78149853430881,-73.95019902128641,8.969396906615048,0.2473376298252004,435.3812264150943,9994.0,56695.0,8507.595459324177,48.23333333333333,new_york,New York,JFK,0.2473376298252004,0.6100480182267721,0.7103561020683773,0.2393912264995523,0.0988676456019075,0.0573081593249599,0.2495284188684433,24.95%,24.7%,$0k,"9,994","56,695",15.462141581233368,13904,3015.0,4647,33.42203682393556,0.2020749173403885
10038,10038,B5,G6350,S,747572,0,40.7092638,-74.0029028,0.747572,40.70926379090054,-74.00290271521114,0.4719801467680625,0.0773457137247127,201.85963302752293,2900.0,23343.0,3879.2250111026096,48.9,new_york,New York,JFK,0.0773457137247127,0.2781647930479837,0.2061269457672898,0.2429722470904207,0.0458388773990654,0.0590355128561684,0.1013206492441704,10.13%,7.7%,$0k,"2,900","23,343",29.0516686966939,36070,9005.5,17975,49.83365677848628,0.1959186681055547
10069,10069,B5,G6350,S,106197,0,40.7773824,-73.98883,0.106197,40.77738242284028,-73.9888299469287,7.325465327821493,0.2595348967030669,555.3134730538923,1481.0,6259.0,13945.78001261806,56.66666666666666,new_york,New York,JFK,0.2595348967030669,1.0,0.10526689885564,0.2846911369740376,0.1261022118567702,0.0810490434715702,0.1964743339453786,19.65%,26.0%,$1k,"1,481","6,259",18.08663695363203,588,158.2,350,59.523809523809526,0.1886703517408494
11030,11030,B5,G6350,S,17014868,478003,40.7934088,-73.688549,17.014868,40.7929155023431,-73.68871155040422,28.1719639971325,0.2608014038597293,470.90984162895927,3397.0,17168.0,199.64891881617888,35.483333333333334,new_york,New York,JFK,0.2608014038597293,0.0143160811826615,0.2414528395763736,0.1709042076991942,0.1069355877284291,0.0292082482092893,0.1239952201277734,12.4%,26.1%,$0k,"3,397","17,168",19.74821306832662,21830,4906.5,8160,37.37975263398992,0.1607386754055198
10036,10036,B5,G6350,S,1158340,0,40.7597915,-73.9906851,1.15834,40.75979145494232,-73.99068550673425,5.382170192605988,0.1139952264033245,225.68810572687224,4244.0,30930.0,3663.863805100402,59.9,new_york,New York,JFK,0.1139952264033245,0.2627220422081346,0.3016561233918544,0.3020590868397493,0.0512499168540094,0.0912396919424632,0.1439899481651319,14.4%,11.4%,$0k,"4,244","30,930",67.45812744724758,143615,32371.449999999997,54146,37.70218988267242,0.4092856113188038
10065,10065,B5,G6350,S,1081025,0,40.7646886,-73.9632643,1.081025,40.76468860481106,-73.96326454920961,6.801017336787147,0.4011441737628294,570.8974042829332,6540.0,30859.0,6049.813834092644,55.083333333333336,new_york,New York,JFK,0.4011441737628294,0.4338096419575534,0.464851801833819,0.2761862130707251,0.1296410566584254,0.076278824290348,0.2987609739289864,29.88%,40.1%,$1k,"6,540","30,859",24.39954864703032,37516,8061.6,12171,32.4421580125813,0.2713782301996448
11791,11791,B5,G6350,S,32408675,713179,40.8277705,-73.5027671,32.408675,40.82848218748215,-73.50261814539293,44.29902110470319,0.1435435328735708,275.4399196787149,3882.0,25631.0,119.78274335498132,46.0,new_york,New York,JFK,0.1435435328735708,0.0085891748791822,0.2759257942995238,0.2273948075201432,0.0625477046579171,0.0517083984871229,0.1006369899314706,10.06%,14.4%,$0k,"3,882","25,631",16.717502496185414,15062,3346.7,5437,36.097463816226266,0.1339060074466623
10024,10024,B5,G6350,S,2292582,404929,40.7856602,-73.9712689,2.292582,40.785371324865,-73.9713355032398,8.58165202786664,0.2500992782448207,425.6443454420836,12215.0,62774.0,5328.053696661668,60.75,new_york,New York,JFK,0.2500992782448207,0.3820549077814849,0.8682209112232568,0.3066248880931065,0.0966565661182236,0.09401882199811,0.2751932689409466,27.52%,25.0%,$0k,"12,215","62,774",17.984700985573188,14837,3430.75,6026,40.61467951742266,0.2275201393983392
10012,10012,B5,G6350,S,839030,0,40.7256254,-73.9979364,0.83903,40.72562550926712,-73.9979364916221,1.5797649886049014,0.1671248874323454,346.32444821731747,3660.0,21216.0,4362.180136586296,53.56666666666667,new_york,New York,JFK,0.1671248874323454,0.3127957082816035,0.2601464212097519,0.2680393912264995,0.0786443712595478,0.0718451152490724,0.1641986805910088,16.42%,16.7%,$0k,"3,660","21,216",24.43547928116512,32102,7358.9,12718,39.61746931655348,0.20427673670133
10010,10010,B5,G6350,S,954639,0,40.7390449,-73.9826162,0.954639,40.73904486808242,-73.98261654063424,3.521252911390219,0.1189149507133854,281.31965248651886,6584.0,32410.0,6896.847918427803,46.65,new_york,New York,JFK,0.1189149507133854,0.4945473047895188,0.4679792451489089,0.2308863025962399,0.0638828916255831,0.0533084847265624,0.1536185284335905,15.36%,11.9%,$0k,"6,584","32,410",39.11572518855474,61252,15382.0,30971,50.56324691438648,0.2723878901595689
10601,10601,B5,G6350,S,1672300,0,41.0328896,-73.7647826,1.6723,41.03288965225856,-73.76478247102959,40.96545768098043,0.1381594477451903,217.51532385466035,1086.0,11193.0,649.4050110626084,64.16666666666667,new_york,New York,JFK,0.1381594477451903,0.0465664172584846,0.0771909872769919,0.3249776186213071,0.0493940175806835,0.1056104526047757,0.104532726266636,10.45%,13.8%,$0k,"1,086","11,193",23.01795163717772,24806,5923.700000000001,11014,44.40054825445457,0.1673561213192066
10021,10021,B5,G6350,S,927457,0,40.7696404,-73.9590177,0.927457,40.7696403431274,-73.95901790236756,7.45748210123042,0.3367662036503999,571.4375946547884,8169.0,40642.0,8807.955517075185,56.61666666666667,new_york,New York,JFK,0.3367662036503999,0.631585720490772,0.580638282749307,0.2844225604297224,0.1297637246721151,0.0808961928813991,0.3006590154660372,30.07%,33.7%,$1k,"8,169","40,642",28.349985503305174,49833,10420.95,14730,29.558726145325387,0.2920794352495445
10023,10023,B5,G6350,S,2510429,95089,40.7745673,-73.9790155,2.510429,40.774645341133926,-73.97837827446206,7.259925977759457,0.2679449846935042,419.6650835532102,14069.0,65706.0,5604.2214298831,63.15,new_york,New York,JFK,0.2679449846935042,0.401857868460024,1.0,0.3195165622202327,0.0952987777949702,0.1020908335330358,0.299383191656697,29.94%,26.8%,$0k,"14,069","65,706",28.18905814831399,36722,8894.7,16932,46.10859974946898,0.2906368865699185
10011,10011,B5,G6350,S,1676950,0,40.7418398,-74.0005279,1.67695,40.74183997592639,-74.0005282448936,3.261850982528166,0.1934664058069927,356.0007319623562,10532.0,50772.0,6280.44962580876,55.7,new_york,New York,JFK,0.1934664058069927,0.4503476765104746,0.7485962044210676,0.2794986571172784,0.0808416901470092,0.0781194993303619,0.2301754437145895,23.02%,19.3%,$0k,"10,532","50,772",38.565870423947615,65245,15466.55,28399,43.52670702735842,0.3079170739770328
10017,10017,B5,G6350,S,772865,0,40.7523868,-73.9726777,0.772865,40.752386790496814,-73.97267780008853,5.221064804974851,0.2634341018989636,410.6870651204282,2825.0,14486.0,3655.230861793457,48.15,new_york,New York,JFK,0.2634341018989636,0.2621030059621065,0.2007960764802047,0.2389435989256938,0.0932600230422023,0.0570940434675628,0.1836759955140538,18.37%,26.3%,$0k,"2,825","14,486",70.3803872003929,138890,35722.7,74446,53.60069119447044,0.4437399337589914
10577,10577,B5,G6350,S,17172662,83550,41.0382245,-73.7107363,17.172662,41.03759630555464,-73.71350670515095,43.69353729778536,0.5620050422708394,990.167549668874,535.0,6145.0,31.15416817730414,67.93333333333334,new_york,New York,JFK,0.5620050422708394,0.0022339494921844,0.0380268675812069,0.3452103849597134,0.2248501507362594,0.1191702098840335,0.138365907109719,13.84%,56.2%,$1k,535,"6,145",22.118699646111057,12617,3338.15,7228,57.28778632004439,0.1797764517854148
10018,10018,B5,G6350,S,891039,0,40.7553269,-73.9926959,0.891039,40.75532678105424,-73.99269637687013,4.859802348233016,0.292198112959608,399.12718023255815,1845.0,8659.0,2070.6164376643446,62.18333333333333,new_york,New York,JFK,0.292198112959608,0.1484762011010401,0.1311393844622929,0.3143240823634735,0.0906349704837736,0.0987996287536396,0.1872846049040893,18.73%,29.2%,$0k,"1,845","8,659",60.00092757031753,123799,28144.25,47872,38.66913303015372,0.3936469403036323
10022,10022,B5,G6350,S,1151287,0,40.7585703,-73.96793,1.151287,40.75857029495303,-73.96793010167617,6.015889898372427,0.4789385080663343,789.0632212744606,7699.0,33586.0,6687.298649250795,52.61666666666667,new_york,New York,JFK,0.4789385080663343,0.4795213063163313,0.5472315018835738,0.262936436884512,0.1791827901281283,0.069135569841523,0.3340374786536094,33.4%,47.9%,$1k,"7,699","33,586",66.4123981471779,129515,33050.05,68114,52.59159170752422,0.4990807300626941
60614,60614,B5,G6350,S,8345258,1655724,41.9227466,-87.6471531,8.345258,41.922227421767786,-87.64713910823862,5.112289417213397,0.2048707160610738,300.2771968854283,11874.0,71701.0,1422.8439671967003,33.45,chicago,Chicago,ORD,0.2048707160610738,0.1020268472548197,0.84398322553131,0.1599820948970456,0.0681878263986016,0.0255942706876473,0.1673041464473303,16.73%,20.5%,$0k,"11,874","71,701",21.38176372434732,26659,5946.65,9739,36.5317528789527,0.1905608918454017
60657,60657,B5,G6350,S,5631965,1511566,41.9394113,-87.6507045,5.631965,41.9395053990375,-87.65068770879259,7.043357669861465,0.0923464441414632,162.54286418535864,9484.0,71192.0,1683.959328582475,36.85,chicago,Chicago,ORD,0.0923464441414632,0.1207504583507583,0.6741061909161987,0.1782452999104745,0.0369107102382857,0.031771386940175,0.1140385970780956,11.4%,9.2%,$0k,"9,484","71,192",17.59013554246622,18977,4133.35,6434,33.90419982083575,0.1449699762513789
60610,60610,B5,G6350,S,2880816,506010,41.9047184,-87.6358914,2.880816,41.90452930807193,-87.63513672818429,2.971820200220749,0.1497531714223186,202.17920353982305,6523.0,42904.0,2264.2890070035714,33.36666666666667,chicago,Chicago,ORD,0.1497531714223186,0.1623637404974735,0.4636434714620797,0.1595344673231871,0.0459114464081039,0.025451246264093,0.132774770674056,13.28%,15.0%,$0k,"6,523","42,904",21.00312444609451,21057,4951.35,8964,42.57016669041174,0.1714030075675005
60654,60654,B5,G6350,S,1403245,94912,41.8921581,-87.6363243,1.403245,41.89208261819675,-87.63668079324178,1.655853185625568,0.1113981437939654,223.9420979986197,4976.0,23475.0,3546.066438861353,28.9,chicago,Chicago,ORD,0.1113981437939654,0.2542752313354214,0.3536854076338048,0.1355416293643688,0.0508534282991022,0.0183715332907479,0.1062972166667379,10.63%,11.1%,$0k,"4,976","23,475",42.00541778788881,62255,16670.45,36661,58.88844269536584,0.263175697272813
60043,60043,B5,G6350,S,1573272,0,42.0888177,-87.7144974,1.573272,42.08881767784516,-87.71449723072934,24.45421871161465,0.8432011093166927,1203.9798165137615,496.0,2537.0,315.26652733920133,35.43333333333333,chicago,Chicago,ORD,0.8432011093166927,0.022606589739258,0.0352548155519226,0.1706356311548791,0.2734032672723562,0.0291165186196239,0.1587306041759716,15.87%,84.3%,$1k,496,"2,537",15.822632901236457,437,111.15,228,52.17391304347826,0.1584784665941681
60606,60606,B5,G6350,S,601045,101557,41.8812592,-87.6374518,0.601045,41.88163801392515,-87.63718480304848,0.7270238451848858,0.7181941262140776,662.0093283582089,707.0,3513.0,1176.2846375895317,31.0,chicago,Chicago,ORD,0.7181941262140776,0.0843469950426032,0.050252327812922,0.1468218442256042,0.1503310195531368,0.0215566539418076,0.1689177910196141,16.89%,71.8%,$1k,707,"3,513",91.64610409557268,179047,52694.85,129189,72.15368031857558,0.5426894159876704
60601,60601,B5,G6350,S,1006602,61836,41.885155,-87.6215122,1.006602,41.8852153869416,-87.62172714033254,1.0356911782381584,0.2377404371924341,293.2320175438596,2832.0,16398.0,2813.425763111935,34.85,chicago,Chicago,ORD,0.2377404371924341,0.2017402942371358,0.2012936242803326,0.1675022381378692,0.0665879864145046,0.0280569997811954,0.1475383912391014,14.75%,23.8%,$0k,"2,832","16,398",53.29574982258748,87671,24267.45,55584,63.40066840802546,0.3402479447324881
60093,60093,B5,G6350,S,21691619,3879912,42.1040665,-87.7539334,21.691619,42.104494466233646,-87.75306583338477,27.157086323887093,0.6017839535142169,655.5242677824268,3870.0,20272.0,178.409919517764,30.23333333333333,chicago,Chicago,ORD,0.6017839535142169,0.0127931115618014,0.2750728552135901,0.1427036705461056,0.1488583729808613,0.0203643375873314,0.1778613260069404,17.79%,60.2%,$1k,"3,870","20,272",16.996262565475075,8616,2075.2,3914,45.42711234911792,0.1739119758308455
60035,60035,B5,G6350,S,32806100,6827395,42.1859677,-87.8059389,32.8061,42.184502565854665,-87.8053994378453,37.02887727782296,0.3073278343400708,349.83234323432345,4904.0,30215.0,149.48439467050335,28.633333333333333,chicago,Chicago,ORD,0.3073278343400708,0.0107189697912379,0.3485677731182031,0.1341092211280214,0.0794409543465259,0.0179852831915645,0.12771948420044,12.77%,30.7%,$0k,"4,904","30,215",15.701297095056956,11431,2570.65,4280,37.44204356574228,0.1423662275755047
60611,60611,B5,G6350,S,2053665,1522155,41.8947422,-87.6150734,2.053665,41.894026279087726,-87.61424860283635,2.189403609574024,0.3059430000323729,344.6079301745636,7531.0,35247.0,3667.1024728960174,37.46666666666667,chicago,Chicago,ORD,0.3059430000323729,0.262954275026427,0.5352903546805032,0.1815577439570277,0.0782545793088989,0.0329632143907656,0.2158400729250604,21.58%,30.6%,$0k,"7,531","35,247",43.31324088412477,80654,18432.699999999997,31673,39.27021598432812,0.324486240883154
60022,60022,B5,G6350,S,9822069,3581879,42.1361375,-87.7604742,9.822069,42.13684872582674,-87.76097931439917,30.74534354501632,0.6558661874298978,751.7709183673469,1579.0,8529.0,160.76042634194485,31.683333333333334,chicago,Chicago,ORD,0.6558661874298978,0.0115275320703818,0.1122325680574312,0.1504923903312444,0.1707143446284036,0.0226479595476116,0.1568956316306186,15.69%,65.6%,$1k,"1,579","8,529",16.355326577913694,2187,554.05,1130,51.6689529035208,0.1602244487048777
60564,60564,B5,G6350,S,41489536,449223,41.7062338,-88.1951036,41.489536,41.70901342977411,-88.19959828328787,50.8412342030497,0.0947076388280121,180.8389255419416,6370.0,46832.0,153.53268833857288,56.91666666666666,chicago,Chicago,ORD,0.0947076388280121,0.011009257868664,0.4527684981164261,0.2860340196956132,0.0410654335023265,0.0818154604232304,0.1014169688250565,10.14%,9.5%,$0k,"6,370","46,832",15.496996134793328,9238,2117.7,3660,39.61896514397056,0.1281934650864949
60201,60201,B5,G6350,S,11683894,2375776,42.0547455,-87.6923824,11.683894,42.05559019883959,-87.69302167623115,20.41644652150492,0.1534131194776337,188.9622914349277,4238.0,43122.0,362.7215378708502,34.25,chicago,Chicago,ORD,0.1534131194776337,0.0260094119900544,0.3012296538488876,0.1642793196060877,0.0429101112501829,0.0269876948502391,0.1038620779601973,10.39%,15.3%,$0k,"4,238","43,122",19.37365546332656,20607,4645.85,7774,37.72504488765953,0.1487993162967314
60010,60010,B5,G6350,S,191888303,7113077,42.1464981,-88.1646544,191.888303,42.15257824681459,-88.16520270132126,53.73952131349378,0.2061880250829719,287.1868989854433,6955.0,46674.0,36.24504407650111,38.95,chicago,Chicago,ORD,0.2061880250829719,0.00259899726252,0.4943492785556898,0.1895255147717099,0.065215243165614,0.0359199207494816,0.1118114188544676,11.18%,20.6%,$0k,"6,955","46,674",19.023147961914617,18124,4161.0,7212,39.79254027808431,0.1510214492368068
60603,60603,B5,G6350,S,307265,0,41.8802616,-87.6273962,0.307265,41.88026159187856,-87.62739621130325,0.3120536127716586,0.582497633575799,556.9938144329897,229.0,1110.0,745.2850145639757,34.233333333333334,chicago,Chicago,ORD,0.582497633575799,0.0534416155919314,0.0162769208898997,0.164189794091316,0.1264837887045519,0.0269582884837487,0.1213075845850089,12.13%,58.2%,$1k,229,"1,110",40.65867982090341,57717,15619.75,34811,60.3132525945562,0.2639471913970215
60558,60558,B5,G6350,S,7366402,0,41.8020715,-87.9007522,7.366402,41.802073433944976,-87.9007520733372,23.985185542582155,0.2074293869724102,300.03281493001555,2247.0,13557.0,305.0335835595179,32.9,chicago,Chicago,ORD,0.2074293869724102,0.0218728234120662,0.159712843841069,0.1570277529095792,0.0681323314275433,0.0246577151838318,0.1026795985990083,10.27%,20.7%,$0k,"2,247","13,557",15.626205458583364,3665,896.55,1734,47.31241473396999,0.1294708265924209
60045,60045,B5,G6350,S,55196011,4103225,42.2359973,-87.864777,55.196011,42.23867904957542,-87.86630113320574,44.59593989917982,0.4680734370286679,656.9782101167315,3853.0,21159.0,69.80576911617761,29.716666666666665,chicago,Chicago,ORD,0.4680734370286679,0.0050055119938087,0.2738645248418508,0.1399283795881826,0.1491885384696612,0.0195799514141745,0.1415700311944429,14.16%,46.8%,$1k,"3,853","21,159",22.54968640488414,22256,5393.2,10274,46.1628324946082,0.1835334476216421
60521,60521,B5,G6350,S,12249744,304915,41.8006825,-87.9281725,12.249744,41.80012246673045,-87.92879753427023,26.243455459491283,0.3876586972496641,514.0331713244228,3476.0,18102.0,283.7610320672824,32.65,chicago,Chicago,ORD,0.3876586972496641,0.0203474478882168,0.2470680218921032,0.1556848701880035,0.116728159890097,0.0242377788054555,0.1515436112970895,15.15%,38.8%,$1k,"3,476","18,102",15.122794016415597,12007,2635.8500000000004,4174,34.76305488465062,0.1513857757306227
60540,60540,B5,G6350,S,34238882,544565,41.7645848,-88.1441654,34.238882,41.76359899549773,-88.1447453538617,44.53039218415293,0.1254273440622292,196.97547817557623,5255.0,42756.0,153.48047871422906,44.4,chicago,Chicago,ORD,0.1254273440622292,0.0110055141107461,0.3735162413817613,0.218800358102059,0.0447297691930383,0.0478735967055892,0.1008877082697335,10.09%,12.5%,$0k,"5,255","42,756",20.67375264913436,25736,5681.200000000001,9104,35.374572583152,0.1538126173805385
75201,75201,B5,G6350,S,3564368,0,32.788309,-96.7995722,3.564368,32.788309407033616,-96.79957303203405,1.313126387272965,0.4346806716025115,423.34928909952606,2243.0,17985.0,629.284069433908,28.133333333333333,dallas,Dallas,DFW,0.4346806716025115,0.0451236193934319,0.1594285308124244,0.1314234556848701,0.0961353979939553,0.017272124704153,0.1487674503482253,14.88%,43.5%,$0k,"2,243","17,985",48.71874285304372,74119,20872.65,48774,65.80498927400532,0.3179774394393312
76107,76107,B5,G6350,S,27751897,236750,32.7420578,-97.38173,27.751897,32.7417710727642,-97.38197252205532,54.83817226938745,0.2339401314727678,230.67438709677413,2402.0,29629.0,86.55264178877574,38.73333333333333,dallas,Dallas,DFW,0.2339401314727678,0.006206367927105,0.1707299737010448,0.1883616830796777,0.0523822162492085,0.0354801236526089,0.1047840299785951,10.48%,23.4%,$0k,"2,402","29,629",21.514857198238552,24804,5674.799999999999,9771,39.392839864537976,0.1599663009804903
75219,75219,B5,G6350,S,5928886,0,32.8108941,-96.8131933,5.928886,32.8108945328242,-96.8131931936416,4.092462311257416,0.2828029716827563,244.37511627906977,2659.0,24797.0,448.4822275213252,25.33333333333333,dallas,Dallas,DFW,0.2828029716827563,0.0321589919757475,0.1889970857914563,0.1163831692032228,0.0554934180078059,0.013545042073786,0.1143192380559515,11.43%,28.3%,$0k,"2,659","24,797",25.1693540148182,24387,6200.05,12710,52.1179316849141,0.1830063891020667
75205,75205,B5,G6350,S,11318134,6592,32.8371295,-96.7971549,11.318134,32.83656053448379,-96.79616505685884,6.656645137139364,0.8209873573064738,728.1819870009285,4285.0,25212.0,378.5959770400314,29.23333333333333,dallas,Dallas,DFW,0.8209873573064738,0.027147708962674,0.3045703319354609,0.137332139659803,0.1653577009217701,0.0188601165835396,0.2251064544856752,22.51%,82.1%,$1k,"4,285","25,212",18.18192734045872,10524,2565.6,4935,46.89281641961232,0.2034628639451312
75230,75230,B5,G6350,S,18480263,91987,32.902679,-96.7933933,18.480263,32.90203993892772,-96.79224042700972,13.944257008069991,0.4180002308849837,418.8454739843193,4174.0,26503.0,225.862586479424,28.75,dallas,Dallas,DFW,0.4180002308849837,0.0161957657639131,0.296680645390575,0.1347358997314234,0.0951126584506516,0.0181537626764361,0.1505842617400966,15.06%,41.8%,$0k,"4,174","26,503",17.38466921628152,17482,3851.9,6148,35.167600960988445,0.1622154769514558
76109,76109,B5,G6350,S,21146508,123377,32.70065,-97.386965,21.146508,32.70113110507183,-97.38382085464356,55.52531167795875,0.2766743722610358,278.7111842105263,2625.0,25658.0,124.13397048817706,41.8,dallas,Dallas,DFW,0.2766743722610358,0.0089011851883409,0.1865804250479778,0.2048343777976723,0.0632905530004243,0.0419571223277595,0.1243551012756619,12.44%,27.7%,$0k,"2,625","25,658",17.654335939133738,15050,3438.5,5905,39.2358803986711,0.1504492303334996
76034,76034,B5,G6350,S,33852320,262450,32.8914779,-97.1497473,33.85232,32.89123631450633,-97.14883087594932,35.25284513368136,0.3389824246516608,366.3884337349398,4546.0,25793.0,134.2891713182435,20.3,dallas,Dallas,DFW,0.3389824246516608,0.0096293768578551,0.323121757054517,0.0893464637421665,0.0832005599263206,0.0079827905832302,0.1111098595193952,11.11%,33.9%,$0k,"4,546","25,793",16.135177658387274,8726,2049.1,3701,42.41347696539079,0.1362308180516339
75229,75229,B5,G6350,S,32235065,435222,32.8936137,-96.8673175,32.235065,32.89387571656852,-96.86512737367968,14.500982476905133,0.2725915120283411,279.16296800544586,3135.0,32885.0,97.25434088623678,24.316666666666663,dallas,Dallas,DFW,0.2725915120283411,0.0069737469541496,0.2228303362001563,0.1109221128021485,0.063393145389381,0.0123037151084925,0.0976573422231983,9.77%,27.3%,$0k,"3,135","32,885",18.214879858318373,31368,5949.8,6223,19.83868910992094,0.139903070403191
75093,75093,B5,G6350,S,36991116,313924,33.0342238,-96.8116076,36.991116,33.03521818233605,-96.80946889809633,28.7694688088207,0.1931281959038951,218.08805907173,5504.0,47069.0,148.79248303835982,31.116666666666667,dallas,Dallas,DFW,0.1931281959038951,0.0106693553823259,0.3912147274148838,0.1474485228290062,0.0495240759732587,0.0217410668844559,0.107566210859443,10.76%,19.3%,$0k,"5,504","47,069",31.237844660892183,51297,11518.95,19122,37.27703374466343,0.2099723287341824
76092,76092,B5,G6350,S,58675850,2347153,32.9544929,-97.1488671,58.67585,32.95565540407319,-97.14875257289653,38.40914808724608,0.3839154796928872,446.1730021598272,6063.0,31212.0,103.3304161763315,16.05,dallas,Dallas,DFW,0.3839154796928872,0.0074094397074124,0.4309474731679579,0.0665174574753804,0.1013182736837171,0.004424572148989,0.1084315023725436,10.84%,38.4%,$0k,"6,063","31,212",25.3930749714138,33790,7812.9,13722,40.60964782480024,0.1811811260433408
75078,75078,B5,G6350,S,81768142,611164,33.2413324,-96.8123883,81.768142,33.24525833566589,-96.8079051523322,52.111231384229946,0.1520073856555107,214.1078277886497,4907.0,40513.0,60.01114712867024,42.16666666666666,dallas,Dallas,DFW,0.1520073856555107,0.0043031760915755,0.3487810078896865,0.2068039391226499,0.0486202333819063,0.0427678692366447,0.0975091445679542,9.75%,15.2%,$0k,"4,907","40,513",15.029476214831137,7320,1691.8000000000002,2969,40.560109289617486,0.1239019533581327
75248,75248,B5,G6350,S,19228716,122229,32.9696993,-96.7973343,19.228716,32.969584050127466,-96.7954012465686,21.448247494556306,0.1739856912828894,190.240884279476,3627.0,37282.0,188.6241390220752,30.4,dallas,Dallas,DFW,0.1739856912828894,0.0135255352408692,0.2578008387234345,0.1435989256938227,0.0432004578626559,0.02062065146042,0.0951676959466,9.52%,17.4%,$0k,"3,627","37,282",21.39121709665352,14529,3701.15,7609,52.3711198293069,0.1545399334565675
76102,76102,B5,G6350,S,11678853,209087,32.7577785,-97.3288722,11.678853,32.75799392774751,-97.32859999052496,49.74860964922547,0.5484247608417657,363.35249500998,533.0,11645.0,45.63804339347366,30.066666666666663,dallas,Dallas,DFW,0.5484247608417657,0.0032725342972699,0.0378847110668846,0.1418084153983885,0.0825111500581003,0.0201096266778019,0.0994078194561041,9.94%,54.8%,$0k,533,"11,645",31.98075144730571,34323,9395.85,21237,61.87396206625295,0.2096076669645806
75225,75225,B5,G6350,S,12085225,46328,32.8648866,-96.7903586,12.085225,32.86510579673164,-96.79111306315988,9.845655969850863,0.9298797921996912,822.5553539019963,4115.0,21965.0,340.49841852344497,29.05,dallas,Dallas,DFW,0.9298797921996912,0.0244158747818597,0.2924870282180681,0.1363473589973142,0.1867882818171849,0.0185906023055424,0.2344556206421014,23.45%,93.0%,$1k,"4,115","21,965",22.18564472775179,19399,4798.25,9442,48.67261199030878,0.2281560339598096
75214,75214,B5,G6350,S,18924205,2558307,32.8289563,-96.7429148,18.924205,32.82897148553658,-96.74347770916108,7.66857596245745,0.2103254086853266,241.8098668280872,5013.0,34015.0,264.8988425141241,40.18333333333333,dallas,Dallas,DFW,0.2103254086853266,0.0189949104513655,0.3563153031487668,0.1961504028648164,0.0549108936401648,0.0384749805440297,0.1308314555578805,13.08%,21.0%,$0k,"5,013","34,015",15.737577055451208,6502,1547.3,2860,43.98646570286066,0.1441036130561963
77056,77056,B5,G6350,S,8953112,28609,29.748202,-95.4689478,8.953112,29.74846223660296,-95.46805415106104,9.57740322196454,0.5941901467882741,419.75456,2942.0,21941.0,328.6008261708331,32.65,houston,Houston,IAH,0.5941901467882741,0.0235627426987602,0.2091122325680574,0.1556848701880035,0.0953190963688871,0.0242377788054555,0.1841449269637058,18.41%,59.4%,$0k,"2,942","21,941",37.53751295388283,57306,14377.5,28908,50.44497958328971,0.279760028251267
77005,77005,B5,G6350,S,9914812,720,29.7184351,-95.4235554,9.914812,29.718253245780254,-95.42414693904912,7.03535110287667,0.7447447088967443,569.0784642541925,5183.0,28470.0,522.7532302175775,32.86666666666667,houston,Houston,IAH,0.7447447088967443,0.0374846892568643,0.3683986068661596,0.1568487018800358,0.1292280064228573,0.0246015152814523,0.2425744596033037,24.26%,74.5%,$1k,"5,183","28,470",18.157408596100325,16593,3779.95,6455,38.90194660398964,0.2120742727821534
77478,77478,B5,G6350,S,25953768,1864706,29.6175227,-95.60829,25.953768,29.61895460910922,-95.60771578896616,27.84858000305023,0.181620572831294,151.28175061932288,1959.0,23105.0,75.48036955558823,47.46666666666667,houston,Houston,IAH,0.181620572831294,0.0054124164791997,0.1392423057786623,0.2352730528200537,0.0343535035477332,0.0553534093832677,0.0955662971181807,9.56%,18.2%,$0k,"1,959","23,105",25.668645867542416,37500,8377.0,13760,36.693333333333335,0.1761263778968024
77382,77382,B5,G6350,S,31087027,191337,30.1951366,-95.5479169,31.087027,30.19961052165389,-95.5455029881666,51.68694173088503,0.2577498074276355,243.06436995654872,5443.0,41085.0,175.0891135392265,40.48333333333333,houston,Houston,IAH,0.2577498074276355,0.0125549889200035,0.3868789537280546,0.1977618621307072,0.0551957698892683,0.0391097541134048,0.1417270824067445,14.17%,25.8%,$0k,"5,443","41,085",15.0649115639378,4773,1135.95,2100,43.99748585795098,0.1461880990230612
77381,77381,B5,G6350,S,32824310,417452,30.1771261,-95.5024891,32.82431,30.17792169290984,-95.5026648987398,48.15809558483127,0.2533456587833841,224.87729313662604,4656.0,36414.0,141.8460890723979,31.28333333333333,houston,Houston,IAH,0.2533456587833841,0.0101712553148017,0.3309403653422418,0.1483437779767233,0.0510657951533976,0.0220058764644073,0.1188644191510896,11.89%,25.3%,$0k,"4,656","36,414",17.36358963065246,11836,2780.4,5025,42.45522135856709,0.1462501577288071
77019,77019,B5,G6350,S,9596264,132078,29.7533436,-95.412855,9.596264,29.7532295759255,-95.41199104569152,4.150126618827595,0.7802169902923071,559.8428252788104,3824.0,22839.0,398.4884117402356,30.35,houston,Houston,IAH,0.7802169902923071,0.0285741214460349,0.271803255384178,0.1433303491495076,0.1271307504418319,0.0205435889873197,0.2193265389161241,21.93%,78.0%,$1k,"3,824","22,839",23.85552261228592,18788,4886.2,10340,55.0351288056206,0.2289408825194916
77027,77027,B5,G6350,S,6899514,11567,29.7393144,-95.4464243,6.899514,29.73918780305335,-95.44608337948878,7.732864891017248,0.3840486634960223,294.6752798507463,2252.0,19478.0,326.3998014932646,32.78333333333333,houston,Houston,IAH,0.3840486634960223,0.0234049154079542,0.1600682351268746,0.1564010743061772,0.0669157266513604,0.0244612960441263,0.1405014354645725,14.05%,38.4%,$0k,"2,252","19,478",29.727681608832228,38173,9493.35,18837,49.34639666780185,0.2188891257764474
77401,77401,B5,G6350,S,9430648,1966,29.704019,-95.4609047,9.430648,29.70404186227781,-95.46196597918085,10.88430358242636,0.5161685757009683,443.7515883100381,3259.0,17233.0,345.5754047866064,34.06666666666667,houston,Houston,IAH,0.5161685757009683,0.024779926578071,0.231644040088137,0.1632945389435989,0.1007684119261771,0.0266651064488025,0.1794562850937124,17.95%,51.6%,$0k,"3,259","17,233",15.759883872348896,9487,2185.25,3811,40.17075998735111,0.1685275619086007
77002,77002,B5,G6350,S,5101447,114561,29.7568447,-95.3656519,5.101447,29.75633250973055,-95.36543882203728,0.6178944911787572,0.3482603475330366,300.7840840840841,1049.0,18800.0,205.6279326238222,26.716666666666665,houston,Houston,IAH,0.3482603475330366,0.014744814018131,0.0745610917620299,0.1238137869292748,0.0683029318300634,0.0153298538337678,0.0998679189162143,9.99%,34.8%,$0k,"1,049","18,800",50.07241737852527,85853,22326.149999999998,47241,55.02545047930766,0.3002960463507335
77494,77494,B5,G6350,S,98171869,546502,29.744657,-95.8155361,98.171869,29.745667090042552,-95.82300061977466,43.78098063748267,0.1180078824591924,148.49815733522323,11981.0,130920.0,122.04107064519674,58.2,houston,Houston,IAH,0.1180078824591924,0.0087511111271491,0.8515885990475514,0.2929274843330349,0.0337213970221986,0.0858065110776804,0.1267394580902739,12.67%,11.8%,$0k,"11,981","130,920",22.896548290657247,31564,6956.0,11107,35.18882270941579,0.1778524704984231
77024,77024,B5,G6350,S,33594316,88945,29.7671477,-95.5056272,33.594316,29.77070714838177,-95.50868455120286,13.454639174433485,0.9137035605610292,677.8473253275109,5984.0,37269.0,178.12537097049395,32.65,houston,Houston,IAH,0.9137035605610292,0.0127727076441279,0.4253322908522283,0.1556848701880035,0.1539275583481104,0.0242377788054555,0.2475569886374337,24.76%,91.4%,$1k,"5,984","37,269",33.743863913164226,54103,12657.25,22709,41.97364286638449,0.292497813884538
77079,77079,B5,G6350,S,20034838,176670,29.777978,-95.6031017,20.034838,29.77630193354392,-95.60365939802548,22.64163597076372,0.2152623215309786,205.10877839165133,3585.0,35097.0,178.93830736240542,37.0,houston,Houston,IAH,0.2152623215309786,0.0128310002882953,0.2548155519226668,0.1790510295434198,0.0465767028561131,0.0320592711805586,0.1147482252218778,11.47%,21.5%,$0k,"3,585","35,097",27.87988221362434,35231,8597.85,16566,47.0210893815106,0.1967735236790606
77055,77055,B5,G6350,S,21719853,2708,29.7968972,-95.4927096,21.719853,29.79758821970405,-95.49279577938644,12.57012051155529,0.1979250663699907,190.02143250688707,3025.0,43362.0,139.27350244957918,32.31666666666667,houston,Houston,IAH,0.1979250663699907,0.0099867846992828,0.2150117279124316,0.1538943598925694,0.0431506241106182,0.0236834740067436,0.097628019808214,9.76%,19.8%,$0k,"3,025","43,362",18.32703479516393,24094,5044.9,7154,29.69203951191168,0.1404491838799266
77006,77006,B5,G6350,S,5932367,0,29.7408613,-95.3913032,5.932367,29.740861668267467,-95.3913029007354,3.0048684670307617,0.1715546175949818,187.3040720438528,3405.0,24006.0,573.9698841963082,30.85,houston,Houston,IAH,0.1715546175949818,0.0411572449642102,0.2420214656336626,0.1460161145926589,0.0425335579283116,0.0213207057207364,0.1049970092616743,10.5%,17.2%,$0k,"3,405","24,006",18.326111253355062,15367,3567.05,6310,41.062016008329536,0.1441290608976124
77007,77007,B5,G6350,S,19443075,221211,29.7715794,-95.4089297,19.443075,29.77151752033044,-95.40924731132824,4.003262434986643,0.1875140095136895,206.3020038535645,7816.0,42881.0,401.9940261506989,26.95,houston,Houston,IAH,0.1875140095136895,0.028825496012914,0.5555476579714266,0.1250671441360787,0.0468476639930068,0.0156417905423547,0.1175698860482491,11.76%,18.8%,$0k,"7,816","42,881",20.772180111476302,21388,4977.8,8848,41.36899195810735,0.162645843581506
77094,77094,B5,G6350,S,8882428,73576,29.7709175,-95.6986767,8.882428,29.77385437543708,-95.69955037436988,31.86356110068176,0.2022209012603083,207.47351778656127,1661.0,10623.0,186.99841980143265,48.16666666666666,houston,Houston,IAH,0.2022209012603083,0.0134089609639788,0.1180609851446442,0.2390331244404655,0.0471136948122475,0.057136834579771,0.1075120269955653,10.75%,20.2%,$0k,"1,661","10,623",17.634884598731,12713,2980.3500000000004,5367,42.21662864784079,0.1419304364914376
77479,77479,B5,G6350,S,84624297,4176989,29.5650396,-95.6350587,84.624297,29.565012780253205,-95.6346058730444,33.5661233542857,0.207956184305328,208.16742687159143,10087.0,91618.0,119.197445149825,56.833333333333336,houston,Houston,IAH,0.207956184305328,0.0085472053224685,0.7169663799843627,0.2855863921217547,0.0472712697220883,0.0815595873651206,0.1605325471718768,16.05%,20.8%,$0k,"10,087","91,618",21.11047549078009,27701,6053.75,9493,34.26952095592217,0.1858186510398388
77441,77441,B5,G6350,S,66236293,1200761,29.6974281,-95.9095594,66.236293,29.69549217144306,-95.90894775826752,52.55825802128517,0.1695744907349265,185.45888208269523,3314.0,27067.0,50.03299324133372,76.35,houston,Houston,IAH,0.1695744907349265,0.0035876797996285,0.2355533442319994,0.3904207699194269,0.0421145467811153,0.1524283775844781,0.1205570604511689,12.06%,17.0%,$0k,"3,314","27,067",15.369668907043078,1725,427.75,845,48.98550724637681,0.1371268747607998
77057,77057,B5,G6350,S,11094646,8379,29.7440679,-95.4892098,11.094646,29.74519102497769,-95.48886324525849,11.61770973017458,0.2221060098231747,174.93495407887627,2860.0,45023.0,257.7819968298223,36.11666666666667,houston,Houston,IAH,0.2221060098231747,0.0184845879252779,0.2032838154808444,0.1743061772605192,0.0397247423497466,0.0303826434311755,0.1143159434829094,11.43%,22.2%,$0k,"2,860","45,023",23.43475968737622,28212,6565.0,11666,41.35119807174252,0.1743317701783358
77008,77008,B5,G6350,S,16784687,70549,29.7982489,-95.4169332,16.784687,29.798559818424952,-95.4176836292908,6.27382667484808,0.1648895842850789,204.2100192678228,6859.0,38496.0,408.6462857484324,27.383333333333333,houston,Houston,IAH,0.1648895842850789,0.0293025047992074,0.4875257658682209,0.1273948075201432,0.0463726099987618,0.0162294369830943,0.1083795372530422,10.84%,16.5%,$0k,"6,859","38,496",21.99369377036693,25487,5867.05,10220,40.098873935731945,0.1641582374783557
77098,77098,B5,G6350,S,4565510,163,29.7348128,-95.4160984,4.56551,29.7348975213015,-95.41531956470791,5.230043119483294,0.3596419321994858,301.23483412322275,1962.0,15553.0,429.7438840348614,31.25,houston,Houston,IAH,0.3596419321994858,0.0308153350795747,0.1394555405501457,0.1481647269471799,0.0684052894707259,0.0219527863113323,0.1330445031275686,13.3%,36.0%,$0k,"1,962","15,553",20.08613753250652,18786,4413.7,7979,42.473118279569896,0.1669529392263168
33109,33109,B5,G6350,S,817411,2867771,25.7611844,-80.1307768,0.817411,25.760319724742164,-80.1357081468372,5.619347084103187,1.0,4403.6775,274.0,792.0,335.20468895084605,53.95,miami,Miami,MIA,1.0,0.0240362811293133,0.0194754424621508,0.2700984780662488,1.0,0.0729531878537039,0.1856064437721892,18.56%,100.0%,$4k,274,792,17.038995192084457,778,203.5,434,55.78406169665809,0.1779981978465168
33432,33432,B5,G6350,S,12013469,3325787,26.3437982,-80.0822098,12.013469,26.344512853638328,-80.08161839993066,65.7338715863103,0.1445328375612419,664.7843265306122,2708.0,21270.0,225.413658619338,71.65,miami,Miami,MIA,0.1445328375612419,0.0161635748172841,0.1924799203923519,0.3651745747538048,0.1509611742755032,0.1333524700466221,0.1209802021419316,12.1%,14.5%,$1k,"2,708","21,270",22.09423415537798,18006,4508.1,9036,50.18327224258581,0.1709612718478557
33483,33483,B5,G6350,S,9879279,4891642,26.462605,-80.0617625,9.879279,26.46270359617768,-80.06142202732721,79.02755079645365,0.2243740563561261,819.9431551499348,1669.0,12639.0,168.93945398242118,76.11666666666666,miami,Miami,MIA,0.2243740563561261,0.0121140197127421,0.1186296112019333,0.389167412712623,0.1861950960645812,0.151451275117437,0.1363667079140029,13.64%,22.4%,$1k,"1,669","12,639",15.912763381383508,10209,2342.75,4057,39.73944558722696,0.1477471708639189
33140,33140,B5,G6350,S,7995474,9948837,25.8169156,-80.1356597,7.995474,25.81652745898256,-80.13556020593978,8.298968851311097,0.2277969095176615,1118.02802734375,2276.0,19785.0,284.66104698733307,26.166666666666668,miami,Miami,MIA,0.2277969095176615,0.0204119846096649,0.1617741132987419,0.1208594449418084,0.2538850829434603,0.014607005431642,0.0964842625608847,9.65%,22.8%,$1k,"2,276","19,785",17.749992813682365,11743,2791.6499999999996,5151,43.8644298731159,0.1369920953488541
33496,33496,B5,G6350,S,27325164,351459,26.409046,-80.1661391,27.325164,26.40887071644502,-80.16139148085597,72.02614959705662,0.1518766136989106,467.02424460431655,2718.0,23549.0,99.46875341717984,74.46666666666667,miami,Miami,MIA,0.1518766136989106,0.0071325342381122,0.1931907029639633,0.3803043867502237,0.1060532349619872,0.1446314265814637,0.1162303695384924,11.62%,15.2%,$0k,"2,718","23,549",18.86471788817133,10136,2527.4,5035,49.67442778216259,0.1524387742101028
33154,33154,B5,G6350,S,5020949,4542462,25.885908,-80.1322274,5.020949,25.885910413775616,-80.13136134315108,15.07826358857729,0.2190428331323247,786.155634807418,1201.0,14557.0,239.19780901976893,45.31666666666667,miami,Miami,MIA,0.2190428331323247,0.0171519849591305,0.0853649868505224,0.2237242614145031,0.1785225268670146,0.0500525451454649,0.1046735978736217,10.47%,21.9%,$1k,"1,201","14,557",15.226191067675906,5387,1279.25,2356,43.73491739372564,0.1284677542751904
94549,94549,B5,G6350,S,51399963,431202,37.9011371,-122.1190811,51.399963,37.901302250745125,-122.11929352792724,29.867862645518443,0.1573373123236527,380.3826280623608,5479.0,28456.0,106.59540747140228,35.46666666666667,san_francisco,San Francisco,SFO,0.1573373123236527,0.0076435600859152,0.3894377709858554,0.1708146821844225,0.0863784026106273,0.0291776556497652,0.0995045926323813,9.95%,15.7%,$0k,"5,479","28,456",16.68969938063183,8076,1940.0,3643,45.10896483407628,0.1332007932193498
94920,94920,B5,G6350,S,16861376,14740714,37.8867683,-122.4626194,16.861376,37.88359785132301,-122.46397044910398,12.70472778381844,0.3255889974848941,865.6780366056572,2703.0,12906.0,160.30720150004365,42.333333333333336,san_francisco,San Francisco,SFO,0.3255889974848941,0.0114950330031736,0.1921245291065463,0.207699194270367,0.1965807070580571,0.0431389553005596,0.1399833463033301,14.0%,32.6%,$1k,"2,703","12,906",19.47118531471948,2089,573.15,1299,62.18286261369076,0.1673475997252624
94304,94304,B5,G6350,S,12449131,0,37.3972529,-122.1669792,12.449131,37.39725797597018,-122.166976221532,47.51877648975766,0.8411159386387452,1603.5747422680413,815.0,4489.0,65.4664168928739,28.45,san_francisco,San Francisco,SFO,0.8411159386387452,0.0046943531902582,0.0579287795863245,0.1331244404655326,0.3641444547808147,0.0177221166492611,0.1354776026838719,13.55%,84.1%,$2k,815,"4,489",30.40463343762112,39275,9831.85,19703,50.16677275620624,0.2197619685300415
94123,94123,B5,G6350,S,2778070,788333,37.8020446,-122.4339686,2.77807,37.80267643253732,-122.43650818369588,3.435050757011188,0.1351455624935905,415.2777220630372,6870.0,24721.0,2472.939846728124,25.73333333333333,san_francisco,San Francisco,SFO,0.1351455624935905,0.1773253159371955,0.4883076266969934,0.1185317815577439,0.0943024828823267,0.0140497832392527,0.1141696307448736,11.42%,13.5%,$0k,"6,870","24,721",15.681207808794015,8100,1890.8000000000002,3379,41.71604938271605,0.1354908544164068
94611,94611,B5,G6350,S,18906610,5141,37.8319168,-122.2157928,18.90661,37.831886720570544,-122.21593385475008,18.965833223681766,0.1241258649163582,290.6702263779528,7428.0,39780.0,392.87846948765537,27.516666666666666,san_francisco,San Francisco,SFO,0.1241258649163582,0.0281718533586634,0.5279692941929064,0.1281110116383169,0.0660062473643796,0.0164124313029929,0.0953825664950676,9.54%,12.4%,$0k,"7,428","39,780",17.10312571280906,12071,2807.25,4983,41.28075552978212,0.1332069118115791
94563,94563,B5,G6350,S,53153914,76562,37.8738672,-122.2053117,53.153914,37.88195133742429,-122.19416040974464,23.087445857456306,0.1870006401273405,458.6612761276128,4545.0,19416.0,85.50640315969959,32.166666666666664,san_francisco,San Francisco,SFO,0.1870006401273405,0.0061313460475021,0.3230506787973559,0.1530886302596239,0.1041541475568119,0.0234361287147678,0.0978381961784608,9.78%,18.7%,$0k,"4,545","19,416",18.71519577320005,2674,716.1,1575,58.90052356020943,0.1424950769552306
95032,95032,B5,G6350,S,48346434,351979,37.1801404,-121.9015526,48.346434,37.20856002300162,-121.92360009602292,76.6754371971007,0.1737435640576555,518.7845565749235,4953.0,27678.0,102.44809368980552,47.06666666666667,san_francisco,San Francisco,SFO,0.1737435640576555,0.0073461716445484,0.3520506077190987,0.2331244404655326,0.1178071183856954,0.0543470047423676,0.1155890284672296,11.56%,17.4%,$1k,"4,953","27,678",16.555908190575515,12539,2855.05,4871,38.84679799027035,0.1405740551864923
95030,95030,B5,G6350,S,27309203,0,37.2216463,-121.983242,27.309203,37.22164633205842,-121.98324617198124,72.56055132712888,0.2292242822256895,595.78738170347,3025.0,13373.0,110.76852004798528,41.43333333333333,san_francisco,San Francisco,SFO,0.2292242822256895,0.0079427984628871,0.2150117279124316,0.2028648164726947,0.1352931457182025,0.0411541337625001,0.1146839885724484,11.47%,22.9%,$1k,"3,025","13,373",15.906519136794842,5456,1319.4,2505,45.91275659824047,0.1368745899701984
94941,94941,B5,G6350,S,97667531,3505251,37.9247747,-122.6001828,97.667531,37.92543334392786,-122.60041771671786,23.08215509705017,0.1619805497482318,371.8804465493911,6333.0,32190.0,64.84242956853286,61.083333333333336,san_francisco,San Francisco,SFO,0.1619805497482318,0.0046496093807491,0.4501386026014642,0.3084153983885407,0.0844477023009498,0.0951200579631622,0.1252554856802911,12.53%,16.2%,$0k,"6,333","32,190",17.652463260099672,8601,2109.55,4097,47.63399604697128,0.1508900591406439
94114,94114,B5,G6350,S,3586233,0,37.758208,-122.4355562,3.586233,37.75820820568656,-122.43555616315707,2.337028177232457,0.1077459990413369,349.15645161290325,8044.0,33858.0,2243.0221349254216,21.466666666666665,san_francisco,San Francisco,SFO,0.1077459990413369,0.1608387722232782,0.5717535006041652,0.0956132497761861,0.0792874708951559,0.0091418935327633,0.0956067709789088,9.56%,10.8%,$0k,"8,044","33,858",17.48178573301726,8140,1997.0,3880,47.665847665847664,0.1352123141545407
94025,94025,B5,G6350,S,21666154,3133,37.451252,-122.1823426,21.666154,37.45085693424157,-122.18290996795136,41.61996079381118,0.1599673836908092,457.2251408090118,7271.0,41017.0,335.5925560207871,24.716666666666665,san_francisco,San Francisco,SFO,0.1599673836908092,0.0240640936338551,0.5168100078186083,0.1130707251566696,0.1038280257373551,0.0127849888874551,0.100962228215866,10.1%,16.0%,$0k,"7,271","41,017",46.15132086890479,76577,19763.55,41385,54.04364234691879,0.2812377184524569
94904,94904,B5,G6350,S,12811960,261283,37.9472249,-122.5517753,12.81196,37.94843362650641,-122.5526959773855,22.566985922289632,0.1855993106846427,427.1824503311258,2423.0,13132.0,189.1201658450385,43.23333333333333,san_francisco,San Francisco,SFO,0.1855993106846427,0.0135611034788963,0.1722226171014286,0.2125335720680393,0.0970058434867507,0.0451705192560004,0.1060978874554354,10.61%,18.6%,$0k,"2,423","13,132",15.289730301410762,5432,1291.6,2384,43.8880706921944,0.1294975952347715
94507,94507,B5,G6350,S,29003158,0,37.8542897,-122.0065987,29.003158,37.854286702627824,-122.00660023254754,37.32087430304074,0.1913924975442147,456.3871447902571,3300.0,14503.0,113.78071312096428,45.21666666666667,san_francisco,San Francisco,SFO,0.1913924975442147,0.0081587916214092,0.2345582486317435,0.2231871083258728,0.1036377311440851,0.0498124853228649,0.1110817783829189,11.11%,19.1%,$0k,"3,300","14,503",15.480817856483188,2907,714.05,1390,47.8156174750602,0.1329449784738754
94526,94526,B5,G6350,S,34111007,0,37.8147341,-121.9845253,34.111007,37.81473583495991,-121.98452822144932,38.46689912887627,0.1070602134898131,282.22869619463506,6094.0,33396.0,178.6520110649328,46.66666666666666,san_francisco,San Francisco,SFO,0.1070602134898131,0.0128104710459572,0.4331508991399531,0.2309758281110116,0.0640893199364928,0.0533498331715675,0.0996150644719347,9.96%,10.7%,$0k,"6,094","33,396",15.883915629441288,8358,1956.7,3515,42.05551567360612,0.1292271103831738
94022,94022,B5,G6350,S,45814093,0,37.3553597,-122.1449354,45.814093,37.35536728603928,-122.14492933969056,52.549498636140605,0.3089777435995256,839.5787538304393,4650.0,20052.0,101.49715285207108,34.68333333333333,san_francisco,San Francisco,SFO,0.3089777435995256,0.007277983215011,0.330513895799275,0.1666069829901521,0.190654005392184,0.0277578867810808,0.1329474247494453,13.29%,30.9%,$1k,"4,650","20,052",21.5973803550476,10230,2734.7,6001,58.660801564027366,0.1744606141499606
94028,94028,B5,G6350,S,44861208,228146,37.3748829,-122.2126745,44.861208,37.37491195331359,-122.21136717013476,48.107045376140384,0.4115148872123889,980.7372023809525,1493.0,6888.0,33.28042347856527,31.016666666666666,san_francisco,San Francisco,SFO,0.4115148872123889,0.0023864153491918,0.1061198379415736,0.1469113697403759,0.2227086798206618,0.0215829505589934,0.1039797718276755,10.4%,41.2%,$1k,"1,493","6,888",18.87863125095732,1460,397.20000000000005,891,61.02739726027397,0.1463830421686243
94027,94027,B5,G6350,S,13019332,82320,37.4570721,-122.2010583,13.019332,37.45399762747162,-122.20314511037849,40.44850575312222,0.716434237600625,1587.5180327868852,1495.0,7142.0,114.8292400869722,24.05,san_francisco,San Francisco,SFO,0.716434237600625,0.0082339775891398,0.1062619944558959,0.1094897045658012,0.360498250107299,0.0119879954059064,0.1380937558570109,13.81%,71.6%,$2k,"1,495","7,142",19.82131498771059,1678,466.1,1072,63.88557806912991,0.1681534528670584
94506,94506,B5,G6350,S,48317962,31771,37.8064262,-121.9024245,48.317962,37.80860044908145,-121.90491557695393,45.36326496190576,0.129120194287887,347.34878487848783,5287.0,26947.0,109.421005794905,56.71666666666667,san_francisco,San Francisco,SFO,0.129120194287887,0.0078461732291705,0.3757907456109176,0.2849597135183527,0.078876980632321,0.0812020383284616,0.1101198162069583,11.01%,12.9%,$0k,"5,287","26,947",17.29718542915328,3458,886.3,1838,53.15211104684789,0.1415458352492455
95120,95120,B5,G6350,S,101789492,895997,37.1857459,-121.8427384,101.789492,37.18429410581647,-121.83661554598446,83.41082936284222,0.1046694177813163,311.4945609065156,7572.0,38003.0,74.38881805206377,50.5,san_francisco,San Francisco,SFO,0.1046694177813163,0.0053341453819547,0.5382045632241097,0.2515666965085049,0.0707350983141966,0.0632858027922022,0.0975140342644639,9.75%,10.5%,$0k,"7,572","38,003",16.21112653551235,3434,855.5,1702,49.563191613278974,0.1298126498097936
95070,95070,B5,G6350,S,73352747,70015,37.2549286,-122.0521809,73.352747,37.25625588911738,-122.05149494221963,66.17243859824178,0.1808106308034517,496.923086574655,6427.0,31688.0,87.61771389420495,39.18333333333333,san_francisco,San Francisco,SFO,0.1808106308034517,0.0062827402852281,0.4568199587746108,0.1907788719785138,0.1128427516716778,0.0363965779933941,0.1128724669595158,11.29%,18.1%,$0k,"6,427","31,688",18.036235567023738,4536,1172.2,2459,54.21075837742504,0.1466174113148766
94024,94024,B5,G6350,S,21426739,0,37.3503883,-122.0986856,21.426739,37.350388313428766,-122.09868499910016,55.02076262606947,0.2242856135395952,611.5747282608696,5371.0,24041.0,250.66810213164027,31.633333333333333,san_francisco,San Francisco,SFO,0.2242856135395952,0.0179744770034259,0.3817613192124529,0.1502238137869292,0.1388781826691145,0.0225671942286899,0.1224391295913062,12.24%,22.4%,$1k,"5,371","24,041",17.532163835857457,2827,733.65,1548,54.7576936681995,0.1488803839749403
94301,94301,B5,G6350,S,6138863,0,37.4442178,-122.1498549,6.138863,37.44421814296581,-122.14985548951284,43.769735432191695,0.5600019465776696,1641.171712158809,3695.0,17259.0,601.9029908307125,24.55,san_francisco,San Francisco,SFO,0.5600019465776696,0.0431602241169812,0.2626341602103916,0.1121754700089525,0.37268208495259,0.0125833360717294,0.1743542508054163,17.44%,56.0%,$2k,"3,695","17,259",27.07337607626659,22472,6110.599999999999,13699,60.96030615877537,0.2225440057840411
